order_id,order_datetime,order_date,order_hour,drink_type,size,price,calories,sugars_g,caffeine_mg,customer_group
1,2025-02-01 15:57:00,2025-02-01,15,Americano,Large,5.46,13,0.0,210,Faculty
2,2025-02-01 15:23:00,2025-02-01,15,Americano,Large,5.46,13,0.0,210,Student
3,2025-02-01 19:01:00,2025-02-01,19,Americano,Medium,4.2,10,0.0,150,Faculty
4,2025-02-01 13:43:00,2025-02-01,13,Latte,Medium,4.8,190,18.0,150,Student
5,2025-02-01 08:59:00,2025-02-01,8,Frappuccino,Medium,5.9,410,55.0,95,Student
6,2025-02-01 10:54:00,2025-02-01,10,Mocha,Large,6.89,416,45.5,245,Student
7,2025-02-01 16:08:00,2025-02-01,16,Cappuccino,Large,6.11,208,19.5,210,Visitor
8,2025-02-01 17:08:00,2025-02-01,17,Matcha Latte,Large,6.63,312,39.0,98,Student
9,2025-02-01 16:43:00,2025-02-01,16,Latte,Small,3.6,142,13.5,98,Student
10,2025-02-01 10:39:00,2025-02-01,10,Americano,Large,5.46,13,0.0,210,Student
11,2025-02-01 15:28:00,2025-02-01,15,Latte,Small,3.6,142,13.5,98,Faculty
12,2025-02-01 18:13:00,2025-02-01,18,Frappuccino,Large,7.67,533,71.5,133,Visitor
13,2025-02-01 13:39:00,2025-02-01,13,Latte,Medium,4.8,190,18.0,150,Faculty
14,2025-02-01 15:24:00,2025-02-01,15,Cappuccino,Medium,4.7,160,15.0,150,Faculty
15,2025-02-01 17:00:00,2025-02-01,17,Frappuccino,Small,4.43,308,41.2,62,Student
16,2025-02-01 10:10:00,2025-02-01,10,Mocha,Medium,5.3,320,35.0,175,Student
17,2025-02-01 16:41:00,2025-02-01,16,Frappuccino,Large,7.67,533,71.5,133,Student
18,2025-02-01 16:33:00,2025-02-01,16,Latte,Large,6.24,247,23.4,210,Student
19,2025-02-01 16:43:00,2025-02-01,16,Mocha,Medium,5.3,320,35.0,175,Student
20,2025-02-01 09:13:00,2025-02-01,9,Mocha,Medium,5.3,320,35.0,175,Faculty
21,2025-02-01 10:26:00,2025-02-01,10,Cappuccino,Small,3.53,120,11.2,98,Faculty
22,2025-02-01 09:31:00,2025-02-01,9,Mocha,Small,3.97,240,26.2,114,Student
23,2025-02-01 18:22:00,2025-02-01,18,Latte,Medium,4.8,190,18.0,150,Faculty
24,2025-02-01 19:06:00,2025-02-01,19,Latte,Small,3.6,142,13.5,98,Faculty
25,2025-02-01 17:56:00,2025-02-01,17,Latte,Large,6.24,247,23.4,210,Student
26,2025-02-01 11:10:00,2025-02-01,11,Mocha,Small,3.97,240,26.2,114,Student
27,2025-02-01 18:00:00,2025-02-01,18,Latte,Medium,4.8,190,18.0,150,Student
28,2025-02-01 18:38:00,2025-02-01,18,Mocha,Large,6.89,416,45.5,245,Student
29,2025-02-01 16:41:00,2025-02-01,16,Frappuccino,Medium,5.9,410,55.0,95,Student
30,2025-02-01 13:40:00,2025-02-01,13,Matcha Latte,Medium,5.1,240,30.0,70,Student
31,2025-02-01 10:38:00,2025-02-01,10,Americano,Medium,4.2,10,0.0,150,Student
32,2025-02-02 10:01:00,2025-02-02,10,Americano,Large,5.46,13,0.0,210,Faculty
33,2025-02-02 18:18:00,2025-02-02,18,Americano,Medium,4.2,10,0.0,150,Student
34,2025-02-02 14:54:00,2025-02-02,14,Latte,Medium,4.8,190,18.0,150,Faculty
35,2025-02-02 17:23:00,2025-02-02,17,Mocha,Small,3.97,240,26.2,114,Faculty
36,2025-02-02 17:15:00,2025-02-02,17,Matcha Latte,Medium,5.1,240,30.0,70,Student
37,2025-02-02 08:19:00,2025-02-02,8,Latte,Small,3.6,142,13.5,98,Faculty
38,2025-02-02 17:19:00,2025-02-02,17,Latte,Medium,4.8,190,18.0,150,Student
39,2025-02-02 11:17:00,2025-02-02,11,Americano,Medium,4.2,10,0.0,150,Faculty
40,2025-02-02 10:30:00,2025-02-02,10,Cappuccino,Medium,4.7,160,15.0,150,Faculty
41,2025-02-02 17:56:00,2025-02-02,17,Latte,Medium,4.8,190,18.0,150,Visitor
42,2025-02-02 20:04:00,2025-02-02,20,Cappuccino,Large,6.11,208,19.5,210,Student
43,2025-02-02 10:47:00,2025-02-02,10,Mocha,Medium,5.3,320,35.0,175,Visitor
44,2025-02-02 18:51:00,2025-02-02,18,Mocha,Medium,5.3,320,35.0,175,Faculty
45,2025-02-02 16:34:00,2025-02-02,16,Latte,Large,6.24,247,23.4,210,Student
46,2025-02-02 10:45:00,2025-02-02,10,Matcha Latte,Large,6.63,312,39.0,98,Student
47,2025-02-02 10:32:00,2025-02-02,10,Frappuccino,Medium,5.9,410,55.0,95,Student
48,2025-02-02 11:07:00,2025-02-02,11,Mocha,Small,3.97,240,26.2,114,Student
49,2025-02-02 09:50:00,2025-02-02,9,Cappuccino,Medium,4.7,160,15.0,150,Faculty
50,2025-02-02 20:50:00,2025-02-02,20,Americano,Medium,4.2,10,0.0,150,Faculty
51,2025-02-02 12:27:00,2025-02-02,12,Mocha,Large,6.89,416,45.5,245,Visitor
52,2025-02-02 12:03:00,2025-02-02,12,Mocha,Small,3.97,240,26.2,114,Faculty
53,2025-02-02 19:28:00,2025-02-02,19,Frappuccino,Small,4.43,308,41.2,62,Student
54,2025-02-02 19:28:00,2025-02-02,19,Matcha Latte,Medium,5.1,240,30.0,70,Student
55,2025-02-02 18:20:00,2025-02-02,18,Matcha Latte,Large,6.63,312,39.0,98,Student
56,2025-02-02 11:41:00,2025-02-02,11,Cappuccino,Medium,4.7,160,15.0,150,Student
57,2025-02-02 09:31:00,2025-02-02,9,Mocha,Medium,5.3,320,35.0,175,Visitor
58,2025-02-03 10:39:00,2025-02-03,10,Cappuccino,Medium,4.7,160,15.0,150,Student
59,2025-02-03 10:54:00,2025-02-03,10,Cappuccino,Medium,4.7,160,15.0,150,Faculty
60,2025-02-03 09:06:00,2025-02-03,9,Cappuccino,Medium,4.7,160,15.0,150,Student
61,2025-02-03 16:15:00,2025-02-03,16,Matcha Latte,Medium,5.1,240,30.0,70,Student
62,2025-02-03 15:31:00,2025-02-03,15,Matcha Latte,Small,3.82,180,22.5,46,Student
63,2025-02-03 14:21:00,2025-02-03,14,Americano,Medium,4.2,10,0.0,150,Student
64,2025-02-03 17:53:00,2025-02-03,17,Americano,Small,3.15,8,0.0,98,Student
65,2025-02-03 10:43:00,2025-02-03,10,Cappuccino,Large,6.11,208,19.5,210,Student
66,2025-02-03 13:46:00,2025-02-03,13,Americano,Small,3.15,8,0.0,98,Faculty
67,2025-02-03 20:41:00,2025-02-03,20,Americano,Small,3.15,8,0.0,98,Faculty
68,2025-02-03 11:54:00,2025-02-03,11,Matcha Latte,Medium,5.1,240,30.0,70,Student
69,2025-02-03 11:11:00,2025-02-03,11,Latte,Small,3.6,142,13.5,98,Student
70,2025-02-03 10:53:00,2025-02-03,10,Latte,Small,3.6,142,13.5,98,Student
71,2025-02-03 19:38:00,2025-02-03,19,Cappuccino,Medium,4.7,160,15.0,150,Faculty
72,2025-02-03 08:25:00,2025-02-03,8,Latte,Medium,4.8,190,18.0,150,Faculty
73,2025-02-03 09:04:00,2025-02-03,9,Matcha Latte,Small,3.82,180,22.5,46,Student
74,2025-02-03 09:15:00,2025-02-03,9,Cappuccino,Large,6.11,208,19.5,210,Student
75,2025-02-03 09:29:00,2025-02-03,9,Mocha,Medium,5.3,320,35.0,175,Student
76,2025-02-03 18:51:00,2025-02-03,18,Americano,Large,5.46,13,0.0,210,Faculty
77,2025-02-03 18:04:00,2025-02-03,18,Frappuccino,Medium,5.9,410,55.0,95,Student
78,2025-02-03 19:27:00,2025-02-03,19,Cappuccino,Large,6.11,208,19.5,210,Faculty
79,2025-02-03 11:59:00,2025-02-03,11,Matcha Latte,Medium,5.1,240,30.0,70,Student
80,2025-02-03 16:00:00,2025-02-03,16,Matcha Latte,Large,6.63,312,39.0,98,Student
81,2025-02-03 09:30:00,2025-02-03,9,Matcha Latte,Small,3.82,180,22.5,46,Visitor
82,2025-02-03 10:25:00,2025-02-03,10,Americano,Medium,4.2,10,0.0,150,Student
83,2025-02-03 17:40:00,2025-02-03,17,Matcha Latte,Small,3.82,180,22.5,46,Student
84,2025-02-03 19:55:00,2025-02-03,19,Frappuccino,Medium,5.9,410,55.0,95,Student
85,2025-02-03 09:08:00,2025-02-03,9,Mocha,Medium,5.3,320,35.0,175,Faculty
86,2025-02-03 09:48:00,2025-02-03,9,Frappuccino,Medium,5.9,410,55.0,95,Student
87,2025-02-03 18:48:00,2025-02-03,18,Latte,Large,6.24,247,23.4,210,Faculty
88,2025-02-04 18:19:00,2025-02-04,18,Mocha,Small,3.97,240,26.2,114,Faculty
89,2025-02-04 11:11:00,2025-02-04,11,Latte,Large,6.24,247,23.4,210,Faculty
90,2025-02-04 19:30:00,2025-02-04,19,Frappuccino,Medium,5.9,410,55.0,95,Visitor
91,2025-02-04 11:34:00,2025-02-04,11,Cappuccino,Medium,4.7,160,15.0,150,Visitor
92,2025-02-04 19:15:00,2025-02-04,19,Cappuccino,Small,3.53,120,11.2,98,Faculty
93,2025-02-04 08:30:00,2025-02-04,8,Americano,Medium,4.2,10,0.0,150,Faculty
94,2025-02-04 16:46:00,2025-02-04,16,Frappuccino,Medium,5.9,410,55.0,95,Student
95,2025-02-04 09:06:00,2025-02-04,9,Matcha Latte,Medium,5.1,240,30.0,70,Student
96,2025-02-04 18:01:00,2025-02-04,18,Latte,Medium,4.8,190,18.0,150,Student
97,2025-02-04 11:00:00,2025-02-04,11,Americano,Large,5.46,13,0.0,210,Student
98,2025-02-04 15:35:00,2025-02-04,15,Latte,Large,6.24,247,23.4,210,Visitor
99,2025-02-04 14:26:00,2025-02-04,14,Americano,Large,5.46,13,0.0,210,Student
100,2025-02-04 10:49:00,2025-02-04,10,Cappuccino,Medium,4.7,160,15.0,150,Student
101,2025-02-04 09:40:00,2025-02-04,9,Americano,Small,3.15,8,0.0,98,Student
102,2025-02-04 11:59:00,2025-02-04,11,Cappuccino,Small,3.53,120,11.2,98,Faculty
103,2025-02-04 20:43:00,2025-02-04,20,Matcha Latte,Small,3.82,180,22.5,46,Student
104,2025-02-04 08:20:00,2025-02-04,8,Cappuccino,Medium,4.7,160,15.0,150,Visitor
105,2025-02-04 20:17:00,2025-02-04,20,Americano,Medium,4.2,10,0.0,150,Visitor
106,2025-02-04 21:53:00,2025-02-04,21,Latte,Medium,4.8,190,18.0,150,Student
107,2025-02-04 10:31:00,2025-02-04,10,Matcha Latte,Small,3.82,180,22.5,46,Student
108,2025-02-04 10:57:00,2025-02-04,10,Mocha,Small,3.97,240,26.2,114,Student
109,2025-02-04 15:27:00,2025-02-04,15,Mocha,Medium,5.3,320,35.0,175,Student
110,2025-02-04 08:08:00,2025-02-04,8,Cappuccino,Medium,4.7,160,15.0,150,Student
111,2025-02-04 09:45:00,2025-02-04,9,Matcha Latte,Medium,5.1,240,30.0,70,Student
112,2025-02-04 15:24:00,2025-02-04,15,Matcha Latte,Medium,5.1,240,30.0,70,Student
113,2025-02-04 08:54:00,2025-02-04,8,Matcha Latte,Large,6.63,312,39.0,98,Student
114,2025-02-04 21:10:00,2025-02-04,21,Matcha Latte,Medium,5.1,240,30.0,70,Student
115,2025-02-04 18:12:00,2025-02-04,18,Mocha,Large,6.89,416,45.5,245,Student
116,2025-02-04 07:54:00,2025-02-04,7,Americano,Small,3.15,8,0.0,98,Student
117,2025-02-04 21:52:00,2025-02-04,21,Frappuccino,Large,7.67,533,71.5,133,Visitor
118,2025-02-04 11:20:00,2025-02-04,11,Frappuccino,Large,7.67,533,71.5,133,Student
119,2025-02-05 10:00:00,2025-02-05,10,Cappuccino,Medium,4.7,160,15.0,150,Student
120,2025-02-05 09:25:00,2025-02-05,9,Cappuccino,Medium,4.7,160,15.0,150,Faculty
121,2025-02-05 10:00:00,2025-02-05,10,Mocha,Large,6.89,416,45.5,245,Student
122,2025-02-05 11:47:00,2025-02-05,11,Frappuccino,Large,7.67,533,71.5,133,Student
123,2025-02-05 16:10:00,2025-02-05,16,Mocha,Large,6.89,416,45.5,245,Student
124,2025-02-05 10:33:00,2025-02-05,10,Latte,Small,3.6,142,13.5,98,Student
125,2025-02-05 17:56:00,2025-02-05,17,Cappuccino,Small,3.53,120,11.2,98,Faculty
126,2025-02-05 16:50:00,2025-02-05,16,Matcha Latte,Medium,5.1,240,30.0,70,Student
127,2025-02-05 18:16:00,2025-02-05,18,Mocha,Medium,5.3,320,35.0,175,Faculty
128,2025-02-05 12:12:00,2025-02-05,12,Mocha,Large,6.89,416,45.5,245,Student
129,2025-02-05 13:22:00,2025-02-05,13,Frappuccino,Medium,5.9,410,55.0,95,Student
130,2025-02-05 16:39:00,2025-02-05,16,Latte,Small,3.6,142,13.5,98,Student
131,2025-02-05 13:31:00,2025-02-05,13,Latte,Large,6.24,247,23.4,210,Faculty
132,2025-02-05 09:27:00,2025-02-05,9,Latte,Small,3.6,142,13.5,98,Student
133,2025-02-05 13:11:00,2025-02-05,13,Americano,Medium,4.2,10,0.0,150,Student
134,2025-02-05 16:08:00,2025-02-05,16,Mocha,Medium,5.3,320,35.0,175,Student
135,2025-02-05 13:42:00,2025-02-05,13,Mocha,Medium,5.3,320,35.0,175,Student
136,2025-02-05 17:48:00,2025-02-05,17,Americano,Medium,4.2,10,0.0,150,Visitor
137,2025-02-05 19:13:00,2025-02-05,19,Matcha Latte,Medium,5.1,240,30.0,70,Student
138,2025-02-05 17:13:00,2025-02-05,17,Latte,Medium,4.8,190,18.0,150,Faculty
139,2025-02-05 18:42:00,2025-02-05,18,Latte,Medium,4.8,190,18.0,150,Student
140,2025-02-05 13:14:00,2025-02-05,13,Latte,Medium,4.8,190,18.0,150,Student
141,2025-02-05 15:16:00,2025-02-05,15,Frappuccino,Small,4.43,308,41.2,62,Student
142,2025-02-05 18:19:00,2025-02-05,18,Cappuccino,Small,3.53,120,11.2,98,Student
143,2025-02-05 12:35:00,2025-02-05,12,Mocha,Medium,5.3,320,35.0,175,Student
144,2025-02-05 11:18:00,2025-02-05,11,Frappuccino,Medium,5.9,410,55.0,95,Student
145,2025-02-05 16:58:00,2025-02-05,16,Cappuccino,Large,6.11,208,19.5,210,Student
146,2025-02-05 10:21:00,2025-02-05,10,Matcha Latte,Medium,5.1,240,30.0,70,Student
147,2025-02-05 18:29:00,2025-02-05,18,Mocha,Medium,5.3,320,35.0,175,Student
148,2025-02-05 13:39:00,2025-02-05,13,Matcha Latte,Small,3.82,180,22.5,46,Student
149,2025-02-05 15:10:00,2025-02-05,15,Matcha Latte,Large,6.63,312,39.0,98,Faculty
150,2025-02-05 09:50:00,2025-02-05,9,Frappuccino,Medium,5.9,410,55.0,95,Visitor
151,2025-02-05 12:44:00,2025-02-05,12,Cappuccino,Medium,4.7,160,15.0,150,Faculty
152,2025-02-05 11:32:00,2025-02-05,11,Americano,Medium,4.2,10,0.0,150,Faculty
153,2025-02-05 17:37:00,2025-02-05,17,Latte,Medium,4.8,190,18.0,150,Faculty
154,2025-02-05 13:32:00,2025-02-05,13,Latte,Medium,4.8,190,18.0,150,Student
155,2025-02-05 14:01:00,2025-02-05,14,Mocha,Medium,5.3,320,35.0,175,Student
156,2025-02-05 16:16:00,2025-02-05,16,Matcha Latte,Medium,5.1,240,30.0,70,Student
157,2025-02-06 10:48:00,2025-02-06,10,Mocha,Medium,5.3,320,35.0,175,Student
158,2025-02-06 19:10:00,2025-02-06,19,Mocha,Medium,5.3,320,35.0,175,Visitor
159,2025-02-06 17:21:00,2025-02-06,17,Americano,Small,3.15,8,0.0,98,Visitor
160,2025-02-06 17:59:00,2025-02-06,17,Matcha Latte,Large,6.63,312,39.0,98,Student
161,2025-02-06 16:25:00,2025-02-06,16,Latte,Large,6.24,247,23.4,210,Student
162,2025-02-06 16:07:00,2025-02-06,16,Latte,Medium,4.8,190,18.0,150,Visitor
163,2025-02-06 10:22:00,2025-02-06,10,Mocha,Medium,5.3,320,35.0,175,Student
164,2025-02-06 11:01:00,2025-02-06,11,Frappuccino,Medium,5.9,410,55.0,95,Student
165,2025-02-06 09:05:00,2025-02-06,9,Matcha Latte,Medium,5.1,240,30.0,70,Student
166,2025-02-06 09:46:00,2025-02-06,9,Frappuccino,Medium,5.9,410,55.0,95,Student
167,2025-02-06 17:37:00,2025-02-06,17,Latte,Large,6.24,247,23.4,210,Faculty
168,2025-02-06 09:03:00,2025-02-06,9,Cappuccino,Large,6.11,208,19.5,210,Faculty
169,2025-02-06 10:37:00,2025-02-06,10,Matcha Latte,Large,6.63,312,39.0,98,Student
170,2025-02-06 15:14:00,2025-02-06,15,Mocha,Medium,5.3,320,35.0,175,Student
171,2025-02-06 17:01:00,2025-02-06,17,Americano,Small,3.15,8,0.0,98,Faculty
172,2025-02-06 17:26:00,2025-02-06,17,Frappuccino,Medium,5.9,410,55.0,95,Student
173,2025-02-06 15:07:00,2025-02-06,15,Latte,Large,6.24,247,23.4,210,Student
174,2025-02-06 18:39:00,2025-02-06,18,Cappuccino,Medium,4.7,160,15.0,150,Student
175,2025-02-06 18:11:00,2025-02-06,18,Frappuccino,Small,4.43,308,41.2,62,Student
176,2025-02-06 08:41:00,2025-02-06,8,Matcha Latte,Large,6.63,312,39.0,98,Student
177,2025-02-06 09:13:00,2025-02-06,9,Latte,Small,3.6,142,13.5,98,Faculty
178,2025-02-06 09:20:00,2025-02-06,9,Matcha Latte,Medium,5.1,240,30.0,70,Visitor
179,2025-02-06 10:53:00,2025-02-06,10,Latte,Large,6.24,247,23.4,210,Student
180,2025-02-06 08:08:00,2025-02-06,8,Frappuccino,Medium,5.9,410,55.0,95,Student
181,2025-02-06 09:51:00,2025-02-06,9,Matcha Latte,Medium,5.1,240,30.0,70,Student
182,2025-02-06 10:33:00,2025-02-06,10,Matcha Latte,Medium,5.1,240,30.0,70,Student
183,2025-02-06 18:53:00,2025-02-06,18,Cappuccino,Small,3.53,120,11.2,98,Visitor
184,2025-02-06 18:48:00,2025-02-06,18,Mocha,Medium,5.3,320,35.0,175,Student
185,2025-02-06 10:48:00,2025-02-06,10,Americano,Small,3.15,8,0.0,98,Faculty
186,2025-02-06 11:27:00,2025-02-06,11,Matcha Latte,Small,3.82,180,22.5,46,Student
187,2025-02-06 10:29:00,2025-02-06,10,Latte,Medium,4.8,190,18.0,150,Student
188,2025-02-06 10:28:00,2025-02-06,10,Americano,Large,5.46,13,0.0,210,Faculty
189,2025-02-06 15:00:00,2025-02-06,15,Latte,Large,6.24,247,23.4,210,Faculty
190,2025-02-07 12:29:00,2025-02-07,12,Latte,Medium,4.8,190,18.0,150,Faculty
191,2025-02-07 18:38:00,2025-02-07,18,Latte,Small,3.6,142,13.5,98,Student
192,2025-02-07 13:32:00,2025-02-07,13,Americano,Large,5.46,13,0.0,210,Faculty
193,2025-02-07 16:00:00,2025-02-07,16,Latte,Medium,4.8,190,18.0,150,Student
194,2025-02-07 13:07:00,2025-02-07,13,Cappuccino,Small,3.53,120,11.2,98,Student
195,2025-02-07 16:46:00,2025-02-07,16,Matcha Latte,Small,3.82,180,22.5,46,Student
196,2025-02-07 15:45:00,2025-02-07,15,Mocha,Large,6.89,416,45.5,245,Faculty
197,2025-02-07 10:30:00,2025-02-07,10,Latte,Medium,4.8,190,18.0,150,Faculty
198,2025-02-07 17:20:00,2025-02-07,17,Americano,Medium,4.2,10,0.0,150,Student
199,2025-02-07 11:01:00,2025-02-07,11,Latte,Medium,4.8,190,18.0,150,Student
200,2025-02-07 17:02:00,2025-02-07,17,Mocha,Medium,5.3,320,35.0,175,Visitor
201,2025-02-07 11:29:00,2025-02-07,11,Cappuccino,Medium,4.7,160,15.0,150,Student
202,2025-02-07 20:43:00,2025-02-07,20,Matcha Latte,Small,3.82,180,22.5,46,Student
203,2025-02-07 18:31:00,2025-02-07,18,Matcha Latte,Medium,5.1,240,30.0,70,Student
204,2025-02-07 14:44:00,2025-02-07,14,Americano,Medium,4.2,10,0.0,150,Student
205,2025-02-07 11:25:00,2025-02-07,11,Latte,Medium,4.8,190,18.0,150,Student
206,2025-02-07 08:17:00,2025-02-07,8,Latte,Medium,4.8,190,18.0,150,Student
207,2025-02-07 09:36:00,2025-02-07,9,Matcha Latte,Medium,5.1,240,30.0,70,Student
208,2025-02-07 07:20:00,2025-02-07,7,Mocha,Small,3.97,240,26.2,114,Faculty
209,2025-02-07 10:44:00,2025-02-07,10,Cappuccino,Medium,4.7,160,15.0,150,Student
210,2025-02-07 11:27:00,2025-02-07,11,Americano,Large,5.46,13,0.0,210,Faculty
211,2025-02-07 20:00:00,2025-02-07,20,Latte,Medium,4.8,190,18.0,150,Faculty
212,2025-02-07 11:39:00,2025-02-07,11,Frappuccino,Small,4.43,308,41.2,62,Student
213,2025-02-07 16:53:00,2025-02-07,16,Matcha Latte,Medium,5.1,240,30.0,70,Student
214,2025-02-07 17:32:00,2025-02-07,17,Frappuccino,Large,7.67,533,71.5,133,Student
215,2025-02-07 18:16:00,2025-02-07,18,Frappuccino,Small,4.43,308,41.2,62,Student
216,2025-02-07 17:52:00,2025-02-07,17,Frappuccino,Medium,5.9,410,55.0,95,Student
217,2025-02-07 16:39:00,2025-02-07,16,Mocha,Medium,5.3,320,35.0,175,Student
218,2025-02-07 17:43:00,2025-02-07,17,Latte,Large,6.24,247,23.4,210,Student
219,2025-02-07 10:58:00,2025-02-07,10,Americano,Small,3.15,8,0.0,98,Visitor
220,2025-02-07 11:46:00,2025-02-07,11,Americano,Large,5.46,13,0.0,210,Visitor
221,2025-02-07 16:16:00,2025-02-07,16,Matcha Latte,Large,6.63,312,39.0,98,Student
222,2025-02-07 10:24:00,2025-02-07,10,Cappuccino,Large,6.11,208,19.5,210,Faculty
223,2025-02-07 16:31:00,2025-02-07,16,Cappuccino,Small,3.53,120,11.2,98,Faculty
224,2025-02-07 15:57:00,2025-02-07,15,Frappuccino,Small,4.43,308,41.2,62,Faculty
225,2025-02-07 10:07:00,2025-02-07,10,Latte,Medium,4.8,190,18.0,150,Student
226,2025-02-07 18:38:00,2025-02-07,18,Matcha Latte,Medium,5.1,240,30.0,70,Visitor
227,2025-02-07 16:23:00,2025-02-07,16,Frappuccino,Medium,5.9,410,55.0,95,Student
228,2025-02-08 13:25:00,2025-02-08,13,Mocha,Large,6.89,416,45.5,245,Student
229,2025-02-08 14:28:00,2025-02-08,14,Americano,Medium,4.2,10,0.0,150,Faculty
230,2025-02-08 11:43:00,2025-02-08,11,Cappuccino,Medium,4.7,160,15.0,150,Faculty
231,2025-02-08 08:54:00,2025-02-08,8,Americano,Large,5.46,13,0.0,210,Student
232,2025-02-08 09:45:00,2025-02-08,9,Mocha,Large,6.89,416,45.5,245,Student
233,2025-02-08 12:56:00,2025-02-08,12,Matcha Latte,Medium,5.1,240,30.0,70,Student
234,2025-02-08 09:38:00,2025-02-08,9,Cappuccino,Medium,4.7,160,15.0,150,Student
235,2025-02-08 12:55:00,2025-02-08,12,Frappuccino,Small,4.43,308,41.2,62,Student
236,2025-02-08 08:00:00,2025-02-08,8,Cappuccino,Small,3.53,120,11.2,98,Student
237,2025-02-08 11:03:00,2025-02-08,11,Americano,Small,3.15,8,0.0,98,Visitor
238,2025-02-08 09:05:00,2025-02-08,9,Matcha Latte,Large,6.63,312,39.0,98,Student
239,2025-02-08 18:33:00,2025-02-08,18,Frappuccino,Medium,5.9,410,55.0,95,Visitor
240,2025-02-08 19:53:00,2025-02-08,19,Matcha Latte,Small,3.82,180,22.5,46,Student
241,2025-02-08 09:25:00,2025-02-08,9,Latte,Small,3.6,142,13.5,98,Faculty
242,2025-02-08 17:53:00,2025-02-08,17,Matcha Latte,Large,6.63,312,39.0,98,Student
243,2025-02-08 21:58:00,2025-02-08,21,Frappuccino,Large,7.67,533,71.5,133,Visitor
244,2025-02-08 09:31:00,2025-02-08,9,Matcha Latte,Medium,5.1,240,30.0,70,Student
245,2025-02-08 08:03:00,2025-02-08,8,Frappuccino,Medium,5.9,410,55.0,95,Student
246,2025-02-08 10:27:00,2025-02-08,10,Americano,Large,5.46,13,0.0,210,Student
247,2025-02-08 08:14:00,2025-02-08,8,Americano,Large,5.46,13,0.0,210,Student
248,2025-02-08 11:14:00,2025-02-08,11,Cappuccino,Small,3.53,120,11.2,98,Faculty
249,2025-02-08 13:36:00,2025-02-08,13,Frappuccino,Small,4.43,308,41.2,62,Student
250,2025-02-08 18:39:00,2025-02-08,18,Frappuccino,Small,4.43,308,41.2,62,Student
251,2025-02-08 15:39:00,2025-02-08,15,Cappuccino,Large,6.11,208,19.5,210,Visitor
252,2025-02-08 18:18:00,2025-02-08,18,Cappuccino,Medium,4.7,160,15.0,150,Faculty
253,2025-02-08 09:12:00,2025-02-08,9,Latte,Small,3.6,142,13.5,98,Visitor
254,2025-02-08 16:37:00,2025-02-08,16,Cappuccino,Medium,4.7,160,15.0,150,Faculty
255,2025-02-09 08:22:00,2025-02-09,8,Matcha Latte,Large,6.63,312,39.0,98,Student
256,2025-02-09 18:17:00,2025-02-09,18,Matcha Latte,Small,3.82,180,22.5,46,Student
257,2025-02-09 07:31:00,2025-02-09,7,Mocha,Medium,5.3,320,35.0,175,Faculty
258,2025-02-09 09:33:00,2025-02-09,9,Cappuccino,Medium,4.7,160,15.0,150,Student
259,2025-02-09 09:29:00,2025-02-09,9,Latte,Large,6.24,247,23.4,210,Faculty
260,2025-02-09 11:14:00,2025-02-09,11,Mocha,Large,6.89,416,45.5,245,Student
261,2025-02-09 16:49:00,2025-02-09,16,Americano,Large,5.46,13,0.0,210,Visitor
262,2025-02-09 17:53:00,2025-02-09,17,Americano,Large,5.46,13,0.0,210,Visitor
263,2025-02-09 18:46:00,2025-02-09,18,Frappuccino,Small,4.43,308,41.2,62,Student
264,2025-02-09 17:06:00,2025-02-09,17,Mocha,Small,3.97,240,26.2,114,Visitor
265,2025-02-09 17:10:00,2025-02-09,17,Matcha Latte,Medium,5.1,240,30.0,70,Student
266,2025-02-09 21:16:00,2025-02-09,21,Latte,Medium,4.8,190,18.0,150,Faculty
267,2025-02-09 17:10:00,2025-02-09,17,Matcha Latte,Medium,5.1,240,30.0,70,Student
268,2025-02-09 16:26:00,2025-02-09,16,Americano,Medium,4.2,10,0.0,150,Student
269,2025-02-09 17:46:00,2025-02-09,17,Matcha Latte,Small,3.82,180,22.5,46,Visitor
270,2025-02-09 10:02:00,2025-02-09,10,Frappuccino,Medium,5.9,410,55.0,95,Student
271,2025-02-09 17:34:00,2025-02-09,17,Cappuccino,Medium,4.7,160,15.0,150,Student
272,2025-02-09 18:15:00,2025-02-09,18,Frappuccino,Medium,5.9,410,55.0,95,Student
273,2025-02-09 09:07:00,2025-02-09,9,Latte,Small,3.6,142,13.5,98,Student
274,2025-02-09 16:43:00,2025-02-09,16,Mocha,Large,6.89,416,45.5,245,Faculty
275,2025-02-09 17:24:00,2025-02-09,17,Matcha Latte,Medium,5.1,240,30.0,70,Student
276,2025-02-09 10:08:00,2025-02-09,10,Frappuccino,Medium,5.9,410,55.0,95,Student
277,2025-02-09 15:52:00,2025-02-09,15,Mocha,Small,3.97,240,26.2,114,Student
278,2025-02-09 09:20:00,2025-02-09,9,Mocha,Large,6.89,416,45.5,245,Student
279,2025-02-09 15:31:00,2025-02-09,15,Mocha,Medium,5.3,320,35.0,175,Student
280,2025-02-09 18:10:00,2025-02-09,18,Mocha,Large,6.89,416,45.5,245,Faculty
281,2025-02-09 21:31:00,2025-02-09,21,Latte,Small,3.6,142,13.5,98,Student
282,2025-02-09 10:39:00,2025-02-09,10,Mocha,Small,3.97,240,26.2,114,Student
283,2025-02-09 09:12:00,2025-02-09,9,Cappuccino,Medium,4.7,160,15.0,150,Student
284,2025-02-09 10:37:00,2025-02-09,10,Matcha Latte,Medium,5.1,240,30.0,70,Student
285,2025-02-09 10:54:00,2025-02-09,10,Frappuccino,Large,7.67,533,71.5,133,Student
286,2025-02-09 18:08:00,2025-02-09,18,Matcha Latte,Small,3.82,180,22.5,46,Faculty
287,2025-02-09 17:07:00,2025-02-09,17,Americano,Medium,4.2,10,0.0,150,Visitor
288,2025-02-09 16:06:00,2025-02-09,16,Mocha,Large,6.89,416,45.5,245,Visitor
289,2025-02-09 17:02:00,2025-02-09,17,Cappuccino,Medium,4.7,160,15.0,150,Faculty
290,2025-02-09 17:11:00,2025-02-09,17,Latte,Medium,4.8,190,18.0,150,Student
291,2025-02-10 10:45:00,2025-02-10,10,Latte,Medium,4.8,190,18.0,150,Faculty
292,2025-02-10 16:50:00,2025-02-10,16,Latte,Large,6.24,247,23.4,210,Student
293,2025-02-10 10:55:00,2025-02-10,10,Americano,Medium,4.2,10,0.0,150,Student
294,2025-02-10 16:28:00,2025-02-10,16,Mocha,Small,3.97,240,26.2,114,Visitor
295,2025-02-10 09:20:00,2025-02-10,9,Latte,Large,6.24,247,23.4,210,Student
296,2025-02-10 10:43:00,2025-02-10,10,Cappuccino,Medium,4.7,160,15.0,150,Faculty
297,2025-02-10 13:40:00,2025-02-10,13,Latte,Medium,4.8,190,18.0,150,Faculty
298,2025-02-10 18:33:00,2025-02-10,18,Frappuccino,Medium,5.9,410,55.0,95,Student
299,2025-02-10 10:11:00,2025-02-10,10,Cappuccino,Large,6.11,208,19.5,210,Faculty
300,2025-02-10 10:25:00,2025-02-10,10,Mocha,Large,6.89,416,45.5,245,Student
301,2025-02-10 10:13:00,2025-02-10,10,Frappuccino,Small,4.43,308,41.2,62,Faculty
302,2025-02-10 11:53:00,2025-02-10,11,Mocha,Small,3.97,240,26.2,114,Student
303,2025-02-10 11:01:00,2025-02-10,11,Cappuccino,Medium,4.7,160,15.0,150,Visitor
304,2025-02-10 11:34:00,2025-02-10,11,Frappuccino,Medium,5.9,410,55.0,95,Student
305,2025-02-10 09:44:00,2025-02-10,9,Latte,Large,6.24,247,23.4,210,Faculty
306,2025-02-10 11:15:00,2025-02-10,11,Latte,Large,6.24,247,23.4,210,Student
307,2025-02-10 11:19:00,2025-02-10,11,Cappuccino,Large,6.11,208,19.5,210,Student
308,2025-02-10 11:27:00,2025-02-10,11,Matcha Latte,Medium,5.1,240,30.0,70,Student
309,2025-02-10 12:48:00,2025-02-10,12,Frappuccino,Medium,5.9,410,55.0,95,Student
310,2025-02-10 14:58:00,2025-02-10,14,Latte,Large,6.24,247,23.4,210,Faculty
311,2025-02-10 13:19:00,2025-02-10,13,Cappuccino,Small,3.53,120,11.2,98,Student
312,2025-02-10 09:58:00,2025-02-10,9,Frappuccino,Small,4.43,308,41.2,62,Student
313,2025-02-10 09:52:00,2025-02-10,9,Frappuccino,Small,4.43,308,41.2,62,Student
314,2025-02-10 10:28:00,2025-02-10,10,Frappuccino,Small,4.43,308,41.2,62,Student
315,2025-02-10 12:43:00,2025-02-10,12,Cappuccino,Medium,4.7,160,15.0,150,Visitor
316,2025-02-10 09:49:00,2025-02-10,9,Latte,Small,3.6,142,13.5,98,Student
317,2025-02-10 09:07:00,2025-02-10,9,Frappuccino,Large,7.67,533,71.5,133,Student
318,2025-02-10 10:00:00,2025-02-10,10,Latte,Large,6.24,247,23.4,210,Student
319,2025-02-10 12:16:00,2025-02-10,12,Frappuccino,Medium,5.9,410,55.0,95,Faculty
320,2025-02-10 09:24:00,2025-02-10,9,Mocha,Large,6.89,416,45.5,245,Faculty
321,2025-02-10 16:52:00,2025-02-10,16,Cappuccino,Small,3.53,120,11.2,98,Faculty
322,2025-02-11 15:08:00,2025-02-11,15,Cappuccino,Small,3.53,120,11.2,98,Student
323,2025-02-11 09:30:00,2025-02-11,9,Matcha Latte,Large,6.63,312,39.0,98,Visitor
324,2025-02-11 10:37:00,2025-02-11,10,Mocha,Medium,5.3,320,35.0,175,Faculty
325,2025-02-11 10:44:00,2025-02-11,10,Matcha Latte,Large,6.63,312,39.0,98,Student
326,2025-02-11 07:14:00,2025-02-11,7,Americano,Medium,4.2,10,0.0,150,Faculty
327,2025-02-11 11:28:00,2025-02-11,11,Cappuccino,Medium,4.7,160,15.0,150,Faculty
328,2025-02-11 10:25:00,2025-02-11,10,Latte,Medium,4.8,190,18.0,150,Student
329,2025-02-11 17:08:00,2025-02-11,17,Latte,Medium,4.8,190,18.0,150,Student
330,2025-02-11 12:52:00,2025-02-11,12,Matcha Latte,Medium,5.1,240,30.0,70,Student
331,2025-02-11 13:14:00,2025-02-11,13,Americano,Small,3.15,8,0.0,98,Faculty
332,2025-02-11 17:49:00,2025-02-11,17,Frappuccino,Large,7.67,533,71.5,133,Student
333,2025-02-11 11:15:00,2025-02-11,11,Latte,Large,6.24,247,23.4,210,Faculty
334,2025-02-11 19:14:00,2025-02-11,19,Mocha,Small,3.97,240,26.2,114,Faculty
335,2025-02-11 09:03:00,2025-02-11,9,Mocha,Small,3.97,240,26.2,114,Student
336,2025-02-11 17:34:00,2025-02-11,17,Cappuccino,Medium,4.7,160,15.0,150,Student
337,2025-02-11 11:12:00,2025-02-11,11,Americano,Medium,4.2,10,0.0,150,Student
338,2025-02-11 16:09:00,2025-02-11,16,Latte,Small,3.6,142,13.5,98,Student
339,2025-02-11 17:41:00,2025-02-11,17,Americano,Medium,4.2,10,0.0,150,Faculty
340,2025-02-11 17:43:00,2025-02-11,17,Cappuccino,Small,3.53,120,11.2,98,Visitor
341,2025-02-11 15:53:00,2025-02-11,15,Frappuccino,Large,7.67,533,71.5,133,Student
342,2025-02-11 16:23:00,2025-02-11,16,Frappuccino,Large,7.67,533,71.5,133,Student
343,2025-02-11 11:25:00,2025-02-11,11,Matcha Latte,Large,6.63,312,39.0,98,Student
344,2025-02-11 18:38:00,2025-02-11,18,Cappuccino,Medium,4.7,160,15.0,150,Student
345,2025-02-11 11:49:00,2025-02-11,11,Americano,Medium,4.2,10,0.0,150,Faculty
346,2025-02-11 12:20:00,2025-02-11,12,Latte,Large,6.24,247,23.4,210,Student
347,2025-02-11 16:31:00,2025-02-11,16,Americano,Medium,4.2,10,0.0,150,Student
348,2025-02-11 08:24:00,2025-02-11,8,Americano,Medium,4.2,10,0.0,150,Faculty
349,2025-02-11 11:53:00,2025-02-11,11,Americano,Medium,4.2,10,0.0,150,Visitor
350,2025-02-11 10:45:00,2025-02-11,10,Frappuccino,Small,4.43,308,41.2,62,Student
351,2025-02-12 17:35:00,2025-02-12,17,Latte,Large,6.24,247,23.4,210,Faculty
352,2025-02-12 10:58:00,2025-02-12,10,Matcha Latte,Small,3.82,180,22.5,46,Student
353,2025-02-12 17:59:00,2025-02-12,17,Frappuccino,Medium,5.9,410,55.0,95,Student
354,2025-02-12 18:49:00,2025-02-12,18,Americano,Medium,4.2,10,0.0,150,Faculty
355,2025-02-12 10:01:00,2025-02-12,10,Americano,Medium,4.2,10,0.0,150,Faculty
356,2025-02-12 17:29:00,2025-02-12,17,Mocha,Medium,5.3,320,35.0,175,Visitor
357,2025-02-12 20:28:00,2025-02-12,20,Frappuccino,Small,4.43,308,41.2,62,Student
358,2025-02-12 09:56:00,2025-02-12,9,Americano,Medium,4.2,10,0.0,150,Faculty
359,2025-02-12 20:02:00,2025-02-12,20,Americano,Medium,4.2,10,0.0,150,Faculty
360,2025-02-12 09:04:00,2025-02-12,9,Latte,Medium,4.8,190,18.0,150,Visitor
361,2025-02-12 16:19:00,2025-02-12,16,Mocha,Small,3.97,240,26.2,114,Faculty
362,2025-02-12 09:15:00,2025-02-12,9,Americano,Large,5.46,13,0.0,210,Faculty
363,2025-02-12 09:22:00,2025-02-12,9,Latte,Small,3.6,142,13.5,98,Student
364,2025-02-12 19:08:00,2025-02-12,19,Mocha,Small,3.97,240,26.2,114,Student
365,2025-02-12 19:17:00,2025-02-12,19,Matcha Latte,Medium,5.1,240,30.0,70,Student
366,2025-02-12 21:36:00,2025-02-12,21,Matcha Latte,Medium,5.1,240,30.0,70,Student
367,2025-02-12 14:44:00,2025-02-12,14,Frappuccino,Medium,5.9,410,55.0,95,Student
368,2025-02-12 17:15:00,2025-02-12,17,Matcha Latte,Large,6.63,312,39.0,98,Student
369,2025-02-12 08:26:00,2025-02-12,8,Matcha Latte,Medium,5.1,240,30.0,70,Student
370,2025-02-12 16:24:00,2025-02-12,16,Latte,Large,6.24,247,23.4,210,Faculty
371,2025-02-12 16:00:00,2025-02-12,16,Mocha,Medium,5.3,320,35.0,175,Student
372,2025-02-12 12:40:00,2025-02-12,12,Mocha,Small,3.97,240,26.2,114,Faculty
373,2025-02-12 12:03:00,2025-02-12,12,Cappuccino,Small,3.53,120,11.2,98,Faculty
374,2025-02-12 20:31:00,2025-02-12,20,Matcha Latte,Medium,5.1,240,30.0,70,Student
375,2025-02-12 10:05:00,2025-02-12,10,Matcha Latte,Large,6.63,312,39.0,98,Student
376,2025-02-12 11:30:00,2025-02-12,11,Americano,Medium,4.2,10,0.0,150,Student
377,2025-02-12 08:10:00,2025-02-12,8,Matcha Latte,Medium,5.1,240,30.0,70,Student
378,2025-02-13 10:34:00,2025-02-13,10,Frappuccino,Large,7.67,533,71.5,133,Student
379,2025-02-13 09:15:00,2025-02-13,9,Matcha Latte,Medium,5.1,240,30.0,70,Student
380,2025-02-13 17:38:00,2025-02-13,17,Frappuccino,Large,7.67,533,71.5,133,Student
381,2025-02-13 18:49:00,2025-02-13,18,Latte,Medium,4.8,190,18.0,150,Student
382,2025-02-13 10:06:00,2025-02-13,10,Matcha Latte,Medium,5.1,240,30.0,70,Student
383,2025-02-13 11:04:00,2025-02-13,11,Mocha,Small,3.97,240,26.2,114,Student
384,2025-02-13 08:14:00,2025-02-13,8,Mocha,Medium,5.3,320,35.0,175,Student
385,2025-02-13 16:12:00,2025-02-13,16,Frappuccino,Small,4.43,308,41.2,62,Student
386,2025-02-13 17:44:00,2025-02-13,17,Latte,Large,6.24,247,23.4,210,Student
387,2025-02-13 16:20:00,2025-02-13,16,Mocha,Medium,5.3,320,35.0,175,Student
388,2025-02-13 09:51:00,2025-02-13,9,Americano,Medium,4.2,10,0.0,150,Faculty
389,2025-02-13 16:28:00,2025-02-13,16,Frappuccino,Large,7.67,533,71.5,133,Student
390,2025-02-13 19:16:00,2025-02-13,19,Matcha Latte,Large,6.63,312,39.0,98,Student
391,2025-02-13 09:32:00,2025-02-13,9,Frappuccino,Large,7.67,533,71.5,133,Faculty
392,2025-02-13 12:10:00,2025-02-13,12,Americano,Large,5.46,13,0.0,210,Faculty
393,2025-02-13 10:16:00,2025-02-13,10,Mocha,Medium,5.3,320,35.0,175,Student
394,2025-02-13 17:00:00,2025-02-13,17,Frappuccino,Small,4.43,308,41.2,62,Student
395,2025-02-13 17:00:00,2025-02-13,17,Americano,Small,3.15,8,0.0,98,Student
396,2025-02-13 19:20:00,2025-02-13,19,Americano,Small,3.15,8,0.0,98,Student
397,2025-02-13 20:18:00,2025-02-13,20,Mocha,Large,6.89,416,45.5,245,Student
398,2025-02-13 09:29:00,2025-02-13,9,Americano,Small,3.15,8,0.0,98,Faculty
399,2025-02-13 09:47:00,2025-02-13,9,Americano,Medium,4.2,10,0.0,150,Faculty
400,2025-02-13 16:01:00,2025-02-13,16,Latte,Large,6.24,247,23.4,210,Visitor
401,2025-02-13 10:40:00,2025-02-13,10,Americano,Medium,4.2,10,0.0,150,Faculty
402,2025-02-13 20:20:00,2025-02-13,20,Latte,Small,3.6,142,13.5,98,Faculty
403,2025-02-13 12:31:00,2025-02-13,12,Mocha,Small,3.97,240,26.2,114,Student
404,2025-02-14 15:08:00,2025-02-14,15,Americano,Small,3.15,8,0.0,98,Student
405,2025-02-14 16:21:00,2025-02-14,16,Mocha,Medium,5.3,320,35.0,175,Student
406,2025-02-14 12:48:00,2025-02-14,12,Matcha Latte,Medium,5.1,240,30.0,70,Student
407,2025-02-14 18:48:00,2025-02-14,18,Americano,Large,5.46,13,0.0,210,Faculty
408,2025-02-14 10:07:00,2025-02-14,10,Frappuccino,Medium,5.9,410,55.0,95,Student
409,2025-02-14 08:21:00,2025-02-14,8,Cappuccino,Small,3.53,120,11.2,98,Faculty
410,2025-02-14 17:01:00,2025-02-14,17,Americano,Medium,4.2,10,0.0,150,Faculty
411,2025-02-14 10:50:00,2025-02-14,10,Frappuccino,Large,7.67,533,71.5,133,Student
412,2025-02-14 17:32:00,2025-02-14,17,Cappuccino,Medium,4.7,160,15.0,150,Student
413,2025-02-14 16:38:00,2025-02-14,16,Cappuccino,Medium,4.7,160,15.0,150,Student
414,2025-02-14 09:57:00,2025-02-14,9,Matcha Latte,Medium,5.1,240,30.0,70,Student
415,2025-02-14 21:39:00,2025-02-14,21,Latte,Medium,4.8,190,18.0,150,Student
416,2025-02-14 10:20:00,2025-02-14,10,Matcha Latte,Medium,5.1,240,30.0,70,Student
417,2025-02-14 11:12:00,2025-02-14,11,Cappuccino,Small,3.53,120,11.2,98,Faculty
418,2025-02-14 18:11:00,2025-02-14,18,Frappuccino,Large,7.67,533,71.5,133,Student
419,2025-02-14 11:10:00,2025-02-14,11,Americano,Large,5.46,13,0.0,210,Faculty
420,2025-02-14 12:57:00,2025-02-14,12,Mocha,Medium,5.3,320,35.0,175,Faculty
421,2025-02-14 18:34:00,2025-02-14,18,Mocha,Medium,5.3,320,35.0,175,Student
422,2025-02-14 09:09:00,2025-02-14,9,Frappuccino,Small,4.43,308,41.2,62,Student
423,2025-02-14 09:54:00,2025-02-14,9,Latte,Large,6.24,247,23.4,210,Faculty
424,2025-02-14 09:57:00,2025-02-14,9,Cappuccino,Medium,4.7,160,15.0,150,Visitor
425,2025-02-14 16:17:00,2025-02-14,16,Frappuccino,Medium,5.9,410,55.0,95,Student
426,2025-02-14 16:18:00,2025-02-14,16,Americano,Medium,4.2,10,0.0,150,Faculty
427,2025-02-14 17:30:00,2025-02-14,17,Cappuccino,Large,6.11,208,19.5,210,Student
428,2025-02-14 09:48:00,2025-02-14,9,Latte,Medium,4.8,190,18.0,150,Faculty
429,2025-02-14 15:58:00,2025-02-14,15,Americano,Small,3.15,8,0.0,98,Student
430,2025-02-14 09:05:00,2025-02-14,9,Cappuccino,Medium,4.7,160,15.0,150,Faculty
431,2025-02-14 11:13:00,2025-02-14,11,Mocha,Small,3.97,240,26.2,114,Faculty
432,2025-02-14 10:51:00,2025-02-14,10,Cappuccino,Large,6.11,208,19.5,210,Faculty
433,2025-02-14 08:53:00,2025-02-14,8,Cappuccino,Small,3.53,120,11.2,98,Student
434,2025-02-14 19:41:00,2025-02-14,19,Frappuccino,Medium,5.9,410,55.0,95,Student
435,2025-02-14 12:19:00,2025-02-14,12,Latte,Medium,4.8,190,18.0,150,Visitor
436,2025-02-14 09:03:00,2025-02-14,9,Latte,Medium,4.8,190,18.0,150,Faculty
437,2025-02-14 17:35:00,2025-02-14,17,Matcha Latte,Large,6.63,312,39.0,98,Student
438,2025-02-14 09:30:00,2025-02-14,9,Americano,Medium,4.2,10,0.0,150,Faculty
439,2025-02-14 10:41:00,2025-02-14,10,Cappuccino,Small,3.53,120,11.2,98,Visitor
440,2025-02-15 17:09:00,2025-02-15,17,Cappuccino,Medium,4.7,160,15.0,150,Student
441,2025-02-15 17:43:00,2025-02-15,17,Matcha Latte,Medium,5.1,240,30.0,70,Student
442,2025-02-15 16:42:00,2025-02-15,16,Matcha Latte,Small,3.82,180,22.5,46,Student
443,2025-02-15 10:14:00,2025-02-15,10,Frappuccino,Medium,5.9,410,55.0,95,Student
444,2025-02-15 14:06:00,2025-02-15,14,Frappuccino,Large,7.67,533,71.5,133,Student
445,2025-02-15 16:36:00,2025-02-15,16,Matcha Latte,Large,6.63,312,39.0,98,Student
446,2025-02-15 10:23:00,2025-02-15,10,Latte,Medium,4.8,190,18.0,150,Visitor
447,2025-02-15 20:40:00,2025-02-15,20,Cappuccino,Large,6.11,208,19.5,210,Student
448,2025-02-15 09:21:00,2025-02-15,9,Frappuccino,Medium,5.9,410,55.0,95,Student
449,2025-02-15 18:57:00,2025-02-15,18,Frappuccino,Small,4.43,308,41.2,62,Student
450,2025-02-15 16:45:00,2025-02-15,16,Matcha Latte,Medium,5.1,240,30.0,70,Student
451,2025-02-15 19:47:00,2025-02-15,19,Mocha,Small,3.97,240,26.2,114,Student
452,2025-02-15 12:38:00,2025-02-15,12,Americano,Large,5.46,13,0.0,210,Student
453,2025-02-15 17:09:00,2025-02-15,17,Americano,Medium,4.2,10,0.0,150,Student
454,2025-02-15 10:20:00,2025-02-15,10,Frappuccino,Medium,5.9,410,55.0,95,Visitor
455,2025-02-15 13:55:00,2025-02-15,13,Cappuccino,Large,6.11,208,19.5,210,Student
456,2025-02-15 10:40:00,2025-02-15,10,Frappuccino,Small,4.43,308,41.2,62,Student
457,2025-02-15 14:55:00,2025-02-15,14,Matcha Latte,Medium,5.1,240,30.0,70,Student
458,2025-02-15 12:05:00,2025-02-15,12,Matcha Latte,Medium,5.1,240,30.0,70,Student
459,2025-02-15 09:04:00,2025-02-15,9,Mocha,Medium,5.3,320,35.0,175,Student
460,2025-02-15 10:27:00,2025-02-15,10,Latte,Medium,4.8,190,18.0,150,Visitor
461,2025-02-15 16:14:00,2025-02-15,16,Americano,Medium,4.2,10,0.0,150,Faculty
462,2025-02-15 16:11:00,2025-02-15,16,Cappuccino,Small,3.53,120,11.2,98,Visitor
463,2025-02-15 18:42:00,2025-02-15,18,Frappuccino,Medium,5.9,410,55.0,95,Student
464,2025-02-15 09:36:00,2025-02-15,9,Americano,Small,3.15,8,0.0,98,Visitor
465,2025-02-15 17:45:00,2025-02-15,17,Mocha,Medium,5.3,320,35.0,175,Faculty
466,2025-02-15 13:15:00,2025-02-15,13,Matcha Latte,Large,6.63,312,39.0,98,Student
467,2025-02-15 17:33:00,2025-02-15,17,Cappuccino,Small,3.53,120,11.2,98,Visitor
468,2025-02-15 09:26:00,2025-02-15,9,Matcha Latte,Medium,5.1,240,30.0,70,Student
469,2025-02-15 17:25:00,2025-02-15,17,Americano,Small,3.15,8,0.0,98,Faculty
470,2025-02-15 18:51:00,2025-02-15,18,Frappuccino,Small,4.43,308,41.2,62,Student
471,2025-02-15 21:01:00,2025-02-15,21,Americano,Large,5.46,13,0.0,210,Visitor
472,2025-02-15 12:02:00,2025-02-15,12,Latte,Medium,4.8,190,18.0,150,Faculty
473,2025-02-15 09:25:00,2025-02-15,9,Cappuccino,Small,3.53,120,11.2,98,Visitor
474,2025-02-15 10:46:00,2025-02-15,10,Latte,Small,3.6,142,13.5,98,Student
475,2025-02-15 15:16:00,2025-02-15,15,Frappuccino,Medium,5.9,410,55.0,95,Student
476,2025-02-15 16:19:00,2025-02-15,16,Latte,Large,6.24,247,23.4,210,Faculty
477,2025-02-15 07:46:00,2025-02-15,7,Americano,Medium,4.2,10,0.0,150,Faculty
478,2025-02-16 09:02:00,2025-02-16,9,Frappuccino,Large,7.67,533,71.5,133,Student
479,2025-02-16 10:34:00,2025-02-16,10,Latte,Medium,4.8,190,18.0,150,Faculty
480,2025-02-16 18:16:00,2025-02-16,18,Latte,Large,6.24,247,23.4,210,Faculty
481,2025-02-16 10:32:00,2025-02-16,10,Mocha,Medium,5.3,320,35.0,175,Faculty
482,2025-02-16 11:45:00,2025-02-16,11,Americano,Small,3.15,8,0.0,98,Visitor
483,2025-02-16 11:29:00,2025-02-16,11,Matcha Latte,Medium,5.1,240,30.0,70,Student
484,2025-02-16 11:13:00,2025-02-16,11,Latte,Small,3.6,142,13.5,98,Faculty
485,2025-02-16 10:50:00,2025-02-16,10,Latte,Large,6.24,247,23.4,210,Visitor
486,2025-02-16 20:13:00,2025-02-16,20,Cappuccino,Large,6.11,208,19.5,210,Faculty
487,2025-02-16 10:46:00,2025-02-16,10,Latte,Large,6.24,247,23.4,210,Faculty
488,2025-02-16 09:16:00,2025-02-16,9,Latte,Small,3.6,142,13.5,98,Student
489,2025-02-16 10:10:00,2025-02-16,10,Americano,Medium,4.2,10,0.0,150,Student
490,2025-02-16 15:58:00,2025-02-16,15,Latte,Medium,4.8,190,18.0,150,Student
491,2025-02-16 15:40:00,2025-02-16,15,Frappuccino,Medium,5.9,410,55.0,95,Visitor
492,2025-02-16 18:47:00,2025-02-16,18,Mocha,Medium,5.3,320,35.0,175,Visitor
493,2025-02-16 18:20:00,2025-02-16,18,Frappuccino,Large,7.67,533,71.5,133,Student
494,2025-02-16 09:08:00,2025-02-16,9,Matcha Latte,Medium,5.1,240,30.0,70,Student
495,2025-02-16 18:00:00,2025-02-16,18,Mocha,Large,6.89,416,45.5,245,Visitor
496,2025-02-16 18:45:00,2025-02-16,18,Frappuccino,Small,4.43,308,41.2,62,Student
497,2025-02-16 11:39:00,2025-02-16,11,Cappuccino,Large,6.11,208,19.5,210,Faculty
498,2025-02-16 16:54:00,2025-02-16,16,Cappuccino,Large,6.11,208,19.5,210,Visitor
499,2025-02-16 12:21:00,2025-02-16,12,Latte,Medium,4.8,190,18.0,150,Student
500,2025-02-16 21:07:00,2025-02-16,21,Cappuccino,Medium,4.7,160,15.0,150,Student
501,2025-02-16 11:11:00,2025-02-16,11,Americano,Medium,4.2,10,0.0,150,Faculty
502,2025-02-16 12:56:00,2025-02-16,12,Frappuccino,Small,4.43,308,41.2,62,Faculty
503,2025-02-16 16:44:00,2025-02-16,16,Mocha,Small,3.97,240,26.2,114,Student
504,2025-02-16 18:48:00,2025-02-16,18,Frappuccino,Medium,5.9,410,55.0,95,Student
505,2025-02-16 10:20:00,2025-02-16,10,Americano,Small,3.15,8,0.0,98,Student
506,2025-02-16 08:40:00,2025-02-16,8,Latte,Medium,4.8,190,18.0,150,Student
507,2025-02-16 09:50:00,2025-02-16,9,Americano,Medium,4.2,10,0.0,150,Student
508,2025-02-16 16:45:00,2025-02-16,16,Cappuccino,Small,3.53,120,11.2,98,Visitor
509,2025-02-17 11:18:00,2025-02-17,11,Matcha Latte,Small,3.82,180,22.5,46,Student
510,2025-02-17 16:47:00,2025-02-17,16,Matcha Latte,Medium,5.1,240,30.0,70,Student
511,2025-02-17 17:24:00,2025-02-17,17,Frappuccino,Large,7.67,533,71.5,133,Student
512,2025-02-17 09:46:00,2025-02-17,9,Americano,Medium,4.2,10,0.0,150,Faculty
513,2025-02-17 17:35:00,2025-02-17,17,Latte,Medium,4.8,190,18.0,150,Visitor
514,2025-02-17 17:32:00,2025-02-17,17,Latte,Medium,4.8,190,18.0,150,Student
515,2025-02-17 11:28:00,2025-02-17,11,Cappuccino,Medium,4.7,160,15.0,150,Student
516,2025-02-17 07:17:00,2025-02-17,7,Latte,Medium,4.8,190,18.0,150,Faculty
517,2025-02-17 09:05:00,2025-02-17,9,Latte,Small,3.6,142,13.5,98,Student
518,2025-02-17 13:39:00,2025-02-17,13,Matcha Latte,Small,3.82,180,22.5,46,Student
519,2025-02-17 11:54:00,2025-02-17,11,Cappuccino,Medium,4.7,160,15.0,150,Faculty
520,2025-02-17 14:30:00,2025-02-17,14,Americano,Small,3.15,8,0.0,98,Student
521,2025-02-17 11:42:00,2025-02-17,11,Matcha Latte,Small,3.82,180,22.5,46,Student
522,2025-02-17 10:57:00,2025-02-17,10,Frappuccino,Medium,5.9,410,55.0,95,Student
523,2025-02-17 11:43:00,2025-02-17,11,Latte,Medium,4.8,190,18.0,150,Student
524,2025-02-17 15:57:00,2025-02-17,15,Cappuccino,Medium,4.7,160,15.0,150,Visitor
525,2025-02-17 13:33:00,2025-02-17,13,Americano,Medium,4.2,10,0.0,150,Student
526,2025-02-17 18:00:00,2025-02-17,18,Mocha,Small,3.97,240,26.2,114,Student
527,2025-02-17 11:34:00,2025-02-17,11,Latte,Medium,4.8,190,18.0,150,Visitor
528,2025-02-17 10:37:00,2025-02-17,10,Americano,Medium,4.2,10,0.0,150,Student
529,2025-02-17 15:37:00,2025-02-17,15,Latte,Large,6.24,247,23.4,210,Faculty
530,2025-02-17 12:55:00,2025-02-17,12,Frappuccino,Small,4.43,308,41.2,62,Student
531,2025-02-17 09:45:00,2025-02-17,9,Cappuccino,Small,3.53,120,11.2,98,Visitor
532,2025-02-17 08:58:00,2025-02-17,8,Mocha,Small,3.97,240,26.2,114,Student
533,2025-02-17 18:36:00,2025-02-17,18,Mocha,Small,3.97,240,26.2,114,Student
534,2025-02-17 15:59:00,2025-02-17,15,Latte,Large,6.24,247,23.4,210,Visitor
535,2025-02-17 09:16:00,2025-02-17,9,Americano,Medium,4.2,10,0.0,150,Student
536,2025-02-18 12:12:00,2025-02-18,12,Frappuccino,Large,7.67,533,71.5,133,Visitor
537,2025-02-18 11:41:00,2025-02-18,11,Matcha Latte,Large,6.63,312,39.0,98,Student
538,2025-02-18 13:43:00,2025-02-18,13,Cappuccino,Small,3.53,120,11.2,98,Faculty
539,2025-02-18 09:23:00,2025-02-18,9,Matcha Latte,Medium,5.1,240,30.0,70,Student
540,2025-02-18 10:16:00,2025-02-18,10,Americano,Large,5.46,13,0.0,210,Visitor
541,2025-02-18 17:18:00,2025-02-18,17,Latte,Medium,4.8,190,18.0,150,Faculty
542,2025-02-18 12:35:00,2025-02-18,12,Mocha,Small,3.97,240,26.2,114,Student
543,2025-02-18 15:53:00,2025-02-18,15,Americano,Medium,4.2,10,0.0,150,Visitor
544,2025-02-18 17:27:00,2025-02-18,17,Matcha Latte,Small,3.82,180,22.5,46,Student
545,2025-02-18 08:05:00,2025-02-18,8,Frappuccino,Medium,5.9,410,55.0,95,Student
546,2025-02-18 12:31:00,2025-02-18,12,Mocha,Large,6.89,416,45.5,245,Student
547,2025-02-18 13:23:00,2025-02-18,13,Cappuccino,Medium,4.7,160,15.0,150,Student
548,2025-02-18 11:16:00,2025-02-18,11,Frappuccino,Large,7.67,533,71.5,133,Student
549,2025-02-18 17:46:00,2025-02-18,17,Matcha Latte,Medium,5.1,240,30.0,70,Visitor
550,2025-02-18 09:51:00,2025-02-18,9,Matcha Latte,Small,3.82,180,22.5,46,Student
551,2025-02-18 10:37:00,2025-02-18,10,Frappuccino,Medium,5.9,410,55.0,95,Student
552,2025-02-18 10:54:00,2025-02-18,10,Americano,Large,5.46,13,0.0,210,Student
553,2025-02-18 17:53:00,2025-02-18,17,Mocha,Medium,5.3,320,35.0,175,Student
554,2025-02-18 17:40:00,2025-02-18,17,Frappuccino,Medium,5.9,410,55.0,95,Student
555,2025-02-18 07:18:00,2025-02-18,7,Latte,Large,6.24,247,23.4,210,Student
556,2025-02-18 07:02:00,2025-02-18,7,Matcha Latte,Small,3.82,180,22.5,46,Student
557,2025-02-18 09:39:00,2025-02-18,9,Mocha,Medium,5.3,320,35.0,175,Faculty
558,2025-02-18 18:34:00,2025-02-18,18,Frappuccino,Large,7.67,533,71.5,133,Visitor
559,2025-02-18 09:03:00,2025-02-18,9,Americano,Medium,4.2,10,0.0,150,Faculty
560,2025-02-18 09:59:00,2025-02-18,9,Americano,Medium,4.2,10,0.0,150,Student
561,2025-02-18 09:37:00,2025-02-18,9,Frappuccino,Small,4.43,308,41.2,62,Student
562,2025-02-18 17:15:00,2025-02-18,17,Americano,Medium,4.2,10,0.0,150,Student
563,2025-02-18 16:30:00,2025-02-18,16,Latte,Medium,4.8,190,18.0,150,Student
564,2025-02-18 19:54:00,2025-02-18,19,Cappuccino,Large,6.11,208,19.5,210,Student
565,2025-02-18 10:40:00,2025-02-18,10,Latte,Medium,4.8,190,18.0,150,Visitor
566,2025-02-18 11:24:00,2025-02-18,11,Americano,Small,3.15,8,0.0,98,Student
567,2025-02-18 11:09:00,2025-02-18,11,Matcha Latte,Medium,5.1,240,30.0,70,Student
568,2025-02-18 13:49:00,2025-02-18,13,Cappuccino,Medium,4.7,160,15.0,150,Faculty
569,2025-02-18 14:03:00,2025-02-18,14,Mocha,Large,6.89,416,45.5,245,Faculty
570,2025-02-18 12:13:00,2025-02-18,12,Matcha Latte,Medium,5.1,240,30.0,70,Student
571,2025-02-18 10:48:00,2025-02-18,10,Frappuccino,Medium,5.9,410,55.0,95,Visitor
572,2025-02-18 08:31:00,2025-02-18,8,Americano,Medium,4.2,10,0.0,150,Student
573,2025-02-19 07:04:00,2025-02-19,7,Americano,Large,5.46,13,0.0,210,Faculty
574,2025-02-19 17:42:00,2025-02-19,17,Americano,Large,5.46,13,0.0,210,Visitor
575,2025-02-19 17:14:00,2025-02-19,17,Matcha Latte,Medium,5.1,240,30.0,70,Student
576,2025-02-19 19:50:00,2025-02-19,19,Cappuccino,Medium,4.7,160,15.0,150,Visitor
577,2025-02-19 11:26:00,2025-02-19,11,Frappuccino,Medium,5.9,410,55.0,95,Student
578,2025-02-19 10:42:00,2025-02-19,10,Cappuccino,Small,3.53,120,11.2,98,Faculty
579,2025-02-19 19:46:00,2025-02-19,19,Matcha Latte,Large,6.63,312,39.0,98,Faculty
580,2025-02-19 16:36:00,2025-02-19,16,Latte,Medium,4.8,190,18.0,150,Visitor
581,2025-02-19 12:40:00,2025-02-19,12,Mocha,Large,6.89,416,45.5,245,Student
582,2025-02-19 17:40:00,2025-02-19,17,Latte,Medium,4.8,190,18.0,150,Student
583,2025-02-19 17:30:00,2025-02-19,17,Matcha Latte,Medium,5.1,240,30.0,70,Student
584,2025-02-19 17:21:00,2025-02-19,17,Latte,Large,6.24,247,23.4,210,Faculty
585,2025-02-19 10:23:00,2025-02-19,10,Frappuccino,Medium,5.9,410,55.0,95,Student
586,2025-02-19 20:43:00,2025-02-19,20,Americano,Medium,4.2,10,0.0,150,Visitor
587,2025-02-19 18:59:00,2025-02-19,18,Frappuccino,Small,4.43,308,41.2,62,Student
588,2025-02-19 17:52:00,2025-02-19,17,Frappuccino,Large,7.67,533,71.5,133,Student
589,2025-02-19 11:23:00,2025-02-19,11,Matcha Latte,Small,3.82,180,22.5,46,Student
590,2025-02-19 08:02:00,2025-02-19,8,Cappuccino,Large,6.11,208,19.5,210,Faculty
591,2025-02-19 07:42:00,2025-02-19,7,Frappuccino,Medium,5.9,410,55.0,95,Student
592,2025-02-19 17:54:00,2025-02-19,17,Americano,Medium,4.2,10,0.0,150,Visitor
593,2025-02-19 20:26:00,2025-02-19,20,Mocha,Medium,5.3,320,35.0,175,Faculty
594,2025-02-19 11:36:00,2025-02-19,11,Americano,Medium,4.2,10,0.0,150,Student
595,2025-02-19 17:57:00,2025-02-19,17,Americano,Medium,4.2,10,0.0,150,Student
596,2025-02-19 15:52:00,2025-02-19,15,Frappuccino,Medium,5.9,410,55.0,95,Student
597,2025-02-19 08:10:00,2025-02-19,8,Matcha Latte,Large,6.63,312,39.0,98,Faculty
598,2025-02-19 10:58:00,2025-02-19,10,Cappuccino,Medium,4.7,160,15.0,150,Faculty
599,2025-02-19 10:27:00,2025-02-19,10,Americano,Small,3.15,8,0.0,98,Student
600,2025-02-19 15:39:00,2025-02-19,15,Americano,Medium,4.2,10,0.0,150,Student
601,2025-02-19 14:14:00,2025-02-19,14,Frappuccino,Large,7.67,533,71.5,133,Visitor
602,2025-02-19 17:06:00,2025-02-19,17,Matcha Latte,Small,3.82,180,22.5,46,Student
603,2025-02-20 10:12:00,2025-02-20,10,Frappuccino,Medium,5.9,410,55.0,95,Visitor
604,2025-02-20 16:42:00,2025-02-20,16,Cappuccino,Medium,4.7,160,15.0,150,Faculty
605,2025-02-20 17:56:00,2025-02-20,17,Frappuccino,Medium,5.9,410,55.0,95,Faculty
606,2025-02-20 09:04:00,2025-02-20,9,Mocha,Small,3.97,240,26.2,114,Visitor
607,2025-02-20 11:37:00,2025-02-20,11,Latte,Small,3.6,142,13.5,98,Student
608,2025-02-20 16:04:00,2025-02-20,16,Latte,Medium,4.8,190,18.0,150,Student
609,2025-02-20 14:45:00,2025-02-20,14,Frappuccino,Large,7.67,533,71.5,133,Faculty
610,2025-02-20 11:43:00,2025-02-20,11,Americano,Small,3.15,8,0.0,98,Student
611,2025-02-20 21:49:00,2025-02-20,21,Mocha,Small,3.97,240,26.2,114,Visitor
612,2025-02-20 10:34:00,2025-02-20,10,Latte,Large,6.24,247,23.4,210,Visitor
613,2025-02-20 13:11:00,2025-02-20,13,Mocha,Large,6.89,416,45.5,245,Student
614,2025-02-20 09:53:00,2025-02-20,9,Mocha,Medium,5.3,320,35.0,175,Student
615,2025-02-20 17:33:00,2025-02-20,17,Americano,Large,5.46,13,0.0,210,Student
616,2025-02-20 20:07:00,2025-02-20,20,Latte,Large,6.24,247,23.4,210,Faculty
617,2025-02-20 10:00:00,2025-02-20,10,Mocha,Medium,5.3,320,35.0,175,Student
618,2025-02-20 17:28:00,2025-02-20,17,Matcha Latte,Large,6.63,312,39.0,98,Student
619,2025-02-20 11:27:00,2025-02-20,11,Americano,Small,3.15,8,0.0,98,Student
620,2025-02-20 10:01:00,2025-02-20,10,Frappuccino,Small,4.43,308,41.2,62,Student
621,2025-02-20 10:28:00,2025-02-20,10,Matcha Latte,Medium,5.1,240,30.0,70,Student
622,2025-02-20 10:55:00,2025-02-20,10,Frappuccino,Small,4.43,308,41.2,62,Student
623,2025-02-20 13:06:00,2025-02-20,13,Matcha Latte,Medium,5.1,240,30.0,70,Visitor
624,2025-02-20 19:48:00,2025-02-20,19,Mocha,Large,6.89,416,45.5,245,Student
625,2025-02-20 21:28:00,2025-02-20,21,Cappuccino,Medium,4.7,160,15.0,150,Student
626,2025-02-20 10:57:00,2025-02-20,10,Mocha,Medium,5.3,320,35.0,175,Student
627,2025-02-20 18:40:00,2025-02-20,18,Matcha Latte,Small,3.82,180,22.5,46,Visitor
628,2025-02-20 18:44:00,2025-02-20,18,Americano,Small,3.15,8,0.0,98,Student
629,2025-02-20 15:20:00,2025-02-20,15,Mocha,Medium,5.3,320,35.0,175,Student
630,2025-02-20 11:46:00,2025-02-20,11,Matcha Latte,Medium,5.1,240,30.0,70,Student
631,2025-02-20 17:22:00,2025-02-20,17,Frappuccino,Medium,5.9,410,55.0,95,Visitor
632,2025-02-20 15:40:00,2025-02-20,15,Mocha,Small,3.97,240,26.2,114,Student
633,2025-02-20 16:26:00,2025-02-20,16,Frappuccino,Small,4.43,308,41.2,62,Student
634,2025-02-20 11:23:00,2025-02-20,11,Matcha Latte,Medium,5.1,240,30.0,70,Student
635,2025-02-20 17:23:00,2025-02-20,17,Americano,Medium,4.2,10,0.0,150,Faculty
636,2025-02-20 14:55:00,2025-02-20,14,Americano,Large,5.46,13,0.0,210,Faculty
637,2025-02-21 17:56:00,2025-02-21,17,Americano,Small,3.15,8,0.0,98,Student
638,2025-02-21 17:39:00,2025-02-21,17,Americano,Medium,4.2,10,0.0,150,Student
639,2025-02-21 10:50:00,2025-02-21,10,Cappuccino,Medium,4.7,160,15.0,150,Student
640,2025-02-21 17:35:00,2025-02-21,17,Latte,Medium,4.8,190,18.0,150,Student
641,2025-02-21 10:36:00,2025-02-21,10,Mocha,Medium,5.3,320,35.0,175,Faculty
642,2025-02-21 11:58:00,2025-02-21,11,Mocha,Small,3.97,240,26.2,114,Faculty
643,2025-02-21 17:53:00,2025-02-21,17,Cappuccino,Small,3.53,120,11.2,98,Visitor
644,2025-02-21 14:09:00,2025-02-21,14,Frappuccino,Small,4.43,308,41.2,62,Student
645,2025-02-21 10:31:00,2025-02-21,10,Cappuccino,Medium,4.7,160,15.0,150,Student
646,2025-02-21 10:24:00,2025-02-21,10,Cappuccino,Medium,4.7,160,15.0,150,Student
647,2025-02-21 17:50:00,2025-02-21,17,Frappuccino,Large,7.67,533,71.5,133,Student
648,2025-02-21 16:31:00,2025-02-21,16,Matcha Latte,Large,6.63,312,39.0,98,Student
649,2025-02-21 09:56:00,2025-02-21,9,Matcha Latte,Small,3.82,180,22.5,46,Student
650,2025-02-21 10:05:00,2025-02-21,10,Matcha Latte,Small,3.82,180,22.5,46,Student
651,2025-02-21 17:47:00,2025-02-21,17,Americano,Small,3.15,8,0.0,98,Faculty
652,2025-02-21 11:14:00,2025-02-21,11,Matcha Latte,Medium,5.1,240,30.0,70,Student
653,2025-02-21 07:42:00,2025-02-21,7,Mocha,Large,6.89,416,45.5,245,Student
654,2025-02-21 20:54:00,2025-02-21,20,Americano,Medium,4.2,10,0.0,150,Faculty
655,2025-02-21 14:48:00,2025-02-21,14,Frappuccino,Large,7.67,533,71.5,133,Student
656,2025-02-21 12:39:00,2025-02-21,12,Mocha,Medium,5.3,320,35.0,175,Student
657,2025-02-21 11:58:00,2025-02-21,11,Matcha Latte,Medium,5.1,240,30.0,70,Student
658,2025-02-21 16:01:00,2025-02-21,16,Frappuccino,Medium,5.9,410,55.0,95,Visitor
659,2025-02-21 10:55:00,2025-02-21,10,Mocha,Large,6.89,416,45.5,245,Visitor
660,2025-02-21 16:51:00,2025-02-21,16,Frappuccino,Large,7.67,533,71.5,133,Visitor
661,2025-02-21 10:10:00,2025-02-21,10,Americano,Medium,4.2,10,0.0,150,Faculty
662,2025-02-21 11:27:00,2025-02-21,11,Mocha,Large,6.89,416,45.5,245,Student
663,2025-02-21 10:47:00,2025-02-21,10,Americano,Large,5.46,13,0.0,210,Student
664,2025-02-21 10:38:00,2025-02-21,10,Frappuccino,Small,4.43,308,41.2,62,Student
665,2025-02-22 09:22:00,2025-02-22,9,Frappuccino,Medium,5.9,410,55.0,95,Visitor
666,2025-02-22 10:17:00,2025-02-22,10,Matcha Latte,Small,3.82,180,22.5,46,Student
667,2025-02-22 11:09:00,2025-02-22,11,Matcha Latte,Small,3.82,180,22.5,46,Visitor
668,2025-02-22 11:04:00,2025-02-22,11,Matcha Latte,Small,3.82,180,22.5,46,Student
669,2025-02-22 13:06:00,2025-02-22,13,Frappuccino,Small,4.43,308,41.2,62,Student
670,2025-02-22 10:59:00,2025-02-22,10,Latte,Medium,4.8,190,18.0,150,Student
671,2025-02-22 15:26:00,2025-02-22,15,Frappuccino,Small,4.43,308,41.2,62,Student
672,2025-02-22 09:43:00,2025-02-22,9,Matcha Latte,Medium,5.1,240,30.0,70,Student
673,2025-02-22 16:21:00,2025-02-22,16,Americano,Medium,4.2,10,0.0,150,Student
674,2025-02-22 17:47:00,2025-02-22,17,Latte,Medium,4.8,190,18.0,150,Visitor
675,2025-02-22 07:03:00,2025-02-22,7,Frappuccino,Small,4.43,308,41.2,62,Student
676,2025-02-22 19:21:00,2025-02-22,19,Americano,Small,3.15,8,0.0,98,Visitor
677,2025-02-22 16:29:00,2025-02-22,16,Americano,Large,5.46,13,0.0,210,Visitor
678,2025-02-22 15:48:00,2025-02-22,15,Latte,Small,3.6,142,13.5,98,Faculty
679,2025-02-22 17:45:00,2025-02-22,17,Matcha Latte,Small,3.82,180,22.5,46,Student
680,2025-02-22 09:49:00,2025-02-22,9,Frappuccino,Large,7.67,533,71.5,133,Student
681,2025-02-22 09:24:00,2025-02-22,9,Latte,Large,6.24,247,23.4,210,Faculty
682,2025-02-22 17:25:00,2025-02-22,17,Cappuccino,Medium,4.7,160,15.0,150,Student
683,2025-02-22 16:49:00,2025-02-22,16,Latte,Medium,4.8,190,18.0,150,Visitor
684,2025-02-22 18:31:00,2025-02-22,18,Americano,Small,3.15,8,0.0,98,Faculty
685,2025-02-22 07:42:00,2025-02-22,7,Americano,Medium,4.2,10,0.0,150,Visitor
686,2025-02-22 17:57:00,2025-02-22,17,Americano,Medium,4.2,10,0.0,150,Student
687,2025-02-22 10:17:00,2025-02-22,10,Frappuccino,Medium,5.9,410,55.0,95,Student
688,2025-02-22 14:45:00,2025-02-22,14,Mocha,Large,6.89,416,45.5,245,Faculty
689,2025-02-22 21:07:00,2025-02-22,21,Frappuccino,Medium,5.9,410,55.0,95,Student
690,2025-02-22 15:24:00,2025-02-22,15,Mocha,Large,6.89,416,45.5,245,Student
691,2025-02-22 18:17:00,2025-02-22,18,Matcha Latte,Large,6.63,312,39.0,98,Student
692,2025-02-22 10:59:00,2025-02-22,10,Latte,Medium,4.8,190,18.0,150,Faculty
693,2025-02-23 19:27:00,2025-02-23,19,Mocha,Medium,5.3,320,35.0,175,Student
694,2025-02-23 15:12:00,2025-02-23,15,Frappuccino,Large,7.67,533,71.5,133,Student
695,2025-02-23 12:03:00,2025-02-23,12,Frappuccino,Small,4.43,308,41.2,62,Student
696,2025-02-23 07:56:00,2025-02-23,7,Cappuccino,Medium,4.7,160,15.0,150,Student
697,2025-02-23 09:09:00,2025-02-23,9,Latte,Small,3.6,142,13.5,98,Student
698,2025-02-23 17:18:00,2025-02-23,17,Mocha,Medium,5.3,320,35.0,175,Visitor
699,2025-02-23 10:55:00,2025-02-23,10,Cappuccino,Medium,4.7,160,15.0,150,Student
700,2025-02-23 09:23:00,2025-02-23,9,Cappuccino,Medium,4.7,160,15.0,150,Student
701,2025-02-23 19:35:00,2025-02-23,19,Latte,Large,6.24,247,23.4,210,Faculty
702,2025-02-23 10:48:00,2025-02-23,10,Latte,Medium,4.8,190,18.0,150,Faculty
703,2025-02-23 12:21:00,2025-02-23,12,Mocha,Medium,5.3,320,35.0,175,Student
704,2025-02-23 10:15:00,2025-02-23,10,Matcha Latte,Large,6.63,312,39.0,98,Student
705,2025-02-23 09:36:00,2025-02-23,9,Latte,Medium,4.8,190,18.0,150,Faculty
706,2025-02-23 12:44:00,2025-02-23,12,Frappuccino,Medium,5.9,410,55.0,95,Student
707,2025-02-23 17:17:00,2025-02-23,17,Americano,Medium,4.2,10,0.0,150,Student
708,2025-02-23 11:31:00,2025-02-23,11,Frappuccino,Medium,5.9,410,55.0,95,Student
709,2025-02-23 09:35:00,2025-02-23,9,Latte,Medium,4.8,190,18.0,150,Visitor
710,2025-02-23 09:46:00,2025-02-23,9,Latte,Medium,4.8,190,18.0,150,Student
711,2025-02-23 20:07:00,2025-02-23,20,Latte,Small,3.6,142,13.5,98,Student
712,2025-02-23 18:02:00,2025-02-23,18,Cappuccino,Large,6.11,208,19.5,210,Visitor
713,2025-02-23 12:50:00,2025-02-23,12,Cappuccino,Small,3.53,120,11.2,98,Faculty
714,2025-02-23 19:47:00,2025-02-23,19,Frappuccino,Small,4.43,308,41.2,62,Student
715,2025-02-23 09:25:00,2025-02-23,9,Americano,Medium,4.2,10,0.0,150,Faculty
716,2025-02-23 16:57:00,2025-02-23,16,Latte,Large,6.24,247,23.4,210,Student
717,2025-02-23 17:24:00,2025-02-23,17,Mocha,Small,3.97,240,26.2,114,Student
718,2025-02-23 10:25:00,2025-02-23,10,Latte,Large,6.24,247,23.4,210,Faculty
719,2025-02-23 13:00:00,2025-02-23,13,Americano,Medium,4.2,10,0.0,150,Student
720,2025-02-23 09:53:00,2025-02-23,9,Matcha Latte,Small,3.82,180,22.5,46,Student
721,2025-02-23 18:44:00,2025-02-23,18,Latte,Small,3.6,142,13.5,98,Faculty
722,2025-02-23 16:17:00,2025-02-23,16,Americano,Medium,4.2,10,0.0,150,Student
723,2025-02-24 12:46:00,2025-02-24,12,Latte,Small,3.6,142,13.5,98,Student
724,2025-02-24 16:44:00,2025-02-24,16,Matcha Latte,Small,3.82,180,22.5,46,Student
725,2025-02-24 10:28:00,2025-02-24,10,Frappuccino,Large,7.67,533,71.5,133,Student
726,2025-02-24 10:39:00,2025-02-24,10,Cappuccino,Small,3.53,120,11.2,98,Student
727,2025-02-24 17:57:00,2025-02-24,17,Mocha,Medium,5.3,320,35.0,175,Student
728,2025-02-24 17:48:00,2025-02-24,17,Matcha Latte,Medium,5.1,240,30.0,70,Student
729,2025-02-24 09:47:00,2025-02-24,9,Frappuccino,Small,4.43,308,41.2,62,Student
730,2025-02-24 17:44:00,2025-02-24,17,Matcha Latte,Medium,5.1,240,30.0,70,Student
731,2025-02-24 07:18:00,2025-02-24,7,Frappuccino,Large,7.67,533,71.5,133,Student
732,2025-02-24 10:27:00,2025-02-24,10,Cappuccino,Small,3.53,120,11.2,98,Faculty
733,2025-02-24 16:20:00,2025-02-24,16,Latte,Medium,4.8,190,18.0,150,Student
734,2025-02-24 16:41:00,2025-02-24,16,Mocha,Medium,5.3,320,35.0,175,Faculty
735,2025-02-24 11:39:00,2025-02-24,11,Mocha,Medium,5.3,320,35.0,175,Student
736,2025-02-24 11:11:00,2025-02-24,11,Latte,Small,3.6,142,13.5,98,Student
737,2025-02-24 15:49:00,2025-02-24,15,Cappuccino,Medium,4.7,160,15.0,150,Faculty
738,2025-02-24 17:37:00,2025-02-24,17,Matcha Latte,Medium,5.1,240,30.0,70,Student
739,2025-02-24 10:29:00,2025-02-24,10,Frappuccino,Medium,5.9,410,55.0,95,Student
740,2025-02-24 10:35:00,2025-02-24,10,Latte,Medium,4.8,190,18.0,150,Student
741,2025-02-24 17:31:00,2025-02-24,17,Americano,Large,5.46,13,0.0,210,Faculty
742,2025-02-24 16:11:00,2025-02-24,16,Americano,Small,3.15,8,0.0,98,Faculty
743,2025-02-24 10:20:00,2025-02-24,10,Latte,Medium,4.8,190,18.0,150,Student
744,2025-02-24 18:47:00,2025-02-24,18,Frappuccino,Medium,5.9,410,55.0,95,Visitor
745,2025-02-24 10:28:00,2025-02-24,10,Matcha Latte,Large,6.63,312,39.0,98,Student
746,2025-02-24 17:32:00,2025-02-24,17,Frappuccino,Small,4.43,308,41.2,62,Student
747,2025-02-24 21:42:00,2025-02-24,21,Americano,Small,3.15,8,0.0,98,Student
748,2025-02-24 07:26:00,2025-02-24,7,Frappuccino,Medium,5.9,410,55.0,95,Visitor
749,2025-02-24 09:51:00,2025-02-24,9,Americano,Medium,4.2,10,0.0,150,Student
750,2025-02-25 10:47:00,2025-02-25,10,Matcha Latte,Medium,5.1,240,30.0,70,Student
751,2025-02-25 19:48:00,2025-02-25,19,Americano,Small,3.15,8,0.0,98,Student
752,2025-02-25 16:34:00,2025-02-25,16,Americano,Large,5.46,13,0.0,210,Faculty
753,2025-02-25 11:03:00,2025-02-25,11,Cappuccino,Medium,4.7,160,15.0,150,Visitor
754,2025-02-25 17:42:00,2025-02-25,17,Frappuccino,Medium,5.9,410,55.0,95,Visitor
755,2025-02-25 11:33:00,2025-02-25,11,Frappuccino,Large,7.67,533,71.5,133,Student
756,2025-02-25 21:11:00,2025-02-25,21,Frappuccino,Small,4.43,308,41.2,62,Student
757,2025-02-25 19:13:00,2025-02-25,19,Matcha Latte,Medium,5.1,240,30.0,70,Student
758,2025-02-25 16:17:00,2025-02-25,16,Mocha,Medium,5.3,320,35.0,175,Student
759,2025-02-25 08:58:00,2025-02-25,8,Matcha Latte,Medium,5.1,240,30.0,70,Student
760,2025-02-25 09:06:00,2025-02-25,9,Cappuccino,Medium,4.7,160,15.0,150,Faculty
761,2025-02-25 12:46:00,2025-02-25,12,Latte,Medium,4.8,190,18.0,150,Student
762,2025-02-25 16:32:00,2025-02-25,16,Matcha Latte,Small,3.82,180,22.5,46,Student
763,2025-02-25 17:29:00,2025-02-25,17,Cappuccino,Large,6.11,208,19.5,210,Faculty
764,2025-02-25 18:01:00,2025-02-25,18,Mocha,Large,6.89,416,45.5,245,Visitor
765,2025-02-25 15:07:00,2025-02-25,15,Cappuccino,Large,6.11,208,19.5,210,Student
766,2025-02-25 09:25:00,2025-02-25,9,Frappuccino,Medium,5.9,410,55.0,95,Student
767,2025-02-25 18:42:00,2025-02-25,18,Frappuccino,Large,7.67,533,71.5,133,Student
768,2025-02-25 10:52:00,2025-02-25,10,Matcha Latte,Large,6.63,312,39.0,98,Student
769,2025-02-25 10:36:00,2025-02-25,10,Mocha,Small,3.97,240,26.2,114,Faculty
770,2025-02-25 12:30:00,2025-02-25,12,Mocha,Large,6.89,416,45.5,245,Visitor
771,2025-02-25 11:11:00,2025-02-25,11,Americano,Medium,4.2,10,0.0,150,Faculty
772,2025-02-25 09:10:00,2025-02-25,9,Mocha,Large,6.89,416,45.5,245,Faculty
773,2025-02-25 12:49:00,2025-02-25,12,Latte,Small,3.6,142,13.5,98,Faculty
774,2025-02-25 09:02:00,2025-02-25,9,Latte,Small,3.6,142,13.5,98,Student
775,2025-02-25 07:22:00,2025-02-25,7,Americano,Small,3.15,8,0.0,98,Visitor
776,2025-02-25 10:59:00,2025-02-25,10,Latte,Medium,4.8,190,18.0,150,Faculty
777,2025-02-25 10:35:00,2025-02-25,10,Latte,Medium,4.8,190,18.0,150,Faculty
778,2025-02-25 10:23:00,2025-02-25,10,Matcha Latte,Small,3.82,180,22.5,46,Student
779,2025-02-25 10:27:00,2025-02-25,10,Americano,Medium,4.2,10,0.0,150,Student
780,2025-02-25 17:45:00,2025-02-25,17,Americano,Medium,4.2,10,0.0,150,Faculty
781,2025-02-25 18:00:00,2025-02-25,18,Americano,Small,3.15,8,0.0,98,Student
782,2025-02-25 08:55:00,2025-02-25,8,Cappuccino,Large,6.11,208,19.5,210,Student
783,2025-02-25 14:11:00,2025-02-25,14,Latte,Medium,4.8,190,18.0,150,Student
784,2025-02-25 14:38:00,2025-02-25,14,Mocha,Medium,5.3,320,35.0,175,Faculty
785,2025-02-26 10:17:00,2025-02-26,10,Frappuccino,Medium,5.9,410,55.0,95,Visitor
786,2025-02-26 16:59:00,2025-02-26,16,Frappuccino,Medium,5.9,410,55.0,95,Student
787,2025-02-26 10:03:00,2025-02-26,10,Matcha Latte,Medium,5.1,240,30.0,70,Student
788,2025-02-26 18:48:00,2025-02-26,18,Frappuccino,Large,7.67,533,71.5,133,Student
789,2025-02-26 12:30:00,2025-02-26,12,Frappuccino,Medium,5.9,410,55.0,95,Student
790,2025-02-26 17:58:00,2025-02-26,17,Matcha Latte,Large,6.63,312,39.0,98,Student
791,2025-02-26 10:27:00,2025-02-26,10,Frappuccino,Small,4.43,308,41.2,62,Student
792,2025-02-26 15:37:00,2025-02-26,15,Mocha,Large,6.89,416,45.5,245,Student
793,2025-02-26 11:34:00,2025-02-26,11,Cappuccino,Small,3.53,120,11.2,98,Visitor
794,2025-02-26 17:28:00,2025-02-26,17,Frappuccino,Medium,5.9,410,55.0,95,Visitor
795,2025-02-26 10:20:00,2025-02-26,10,Americano,Medium,4.2,10,0.0,150,Faculty
796,2025-02-26 07:41:00,2025-02-26,7,Latte,Medium,4.8,190,18.0,150,Visitor
797,2025-02-26 09:32:00,2025-02-26,9,Cappuccino,Large,6.11,208,19.5,210,Faculty
798,2025-02-26 10:26:00,2025-02-26,10,Latte,Medium,4.8,190,18.0,150,Student
799,2025-02-26 10:58:00,2025-02-26,10,Cappuccino,Small,3.53,120,11.2,98,Student
800,2025-02-26 16:54:00,2025-02-26,16,Americano,Large,5.46,13,0.0,210,Student
801,2025-02-26 21:31:00,2025-02-26,21,Mocha,Medium,5.3,320,35.0,175,Student
802,2025-02-26 16:29:00,2025-02-26,16,Frappuccino,Medium,5.9,410,55.0,95,Student
803,2025-02-26 16:08:00,2025-02-26,16,Cappuccino,Medium,4.7,160,15.0,150,Student
804,2025-02-26 16:29:00,2025-02-26,16,Matcha Latte,Small,3.82,180,22.5,46,Student
805,2025-02-26 09:34:00,2025-02-26,9,Mocha,Large,6.89,416,45.5,245,Student
806,2025-02-26 12:44:00,2025-02-26,12,Americano,Medium,4.2,10,0.0,150,Faculty
807,2025-02-26 09:00:00,2025-02-26,9,Frappuccino,Medium,5.9,410,55.0,95,Student
808,2025-02-26 15:30:00,2025-02-26,15,Americano,Small,3.15,8,0.0,98,Faculty
809,2025-02-26 15:22:00,2025-02-26,15,Americano,Medium,4.2,10,0.0,150,Faculty
810,2025-02-26 17:50:00,2025-02-26,17,Latte,Medium,4.8,190,18.0,150,Visitor
811,2025-02-26 10:48:00,2025-02-26,10,Matcha Latte,Small,3.82,180,22.5,46,Student
812,2025-02-26 16:58:00,2025-02-26,16,Cappuccino,Small,3.53,120,11.2,98,Student
813,2025-02-26 18:54:00,2025-02-26,18,Cappuccino,Medium,4.7,160,15.0,150,Faculty
814,2025-02-26 18:35:00,2025-02-26,18,Frappuccino,Medium,5.9,410,55.0,95,Student
815,2025-02-26 17:54:00,2025-02-26,17,Americano,Medium,4.2,10,0.0,150,Visitor
816,2025-02-26 09:55:00,2025-02-26,9,Matcha Latte,Medium,5.1,240,30.0,70,Student
817,2025-02-26 18:11:00,2025-02-26,18,Cappuccino,Medium,4.7,160,15.0,150,Student
818,2025-02-26 09:08:00,2025-02-26,9,Mocha,Large,6.89,416,45.5,245,Student
819,2025-02-26 10:44:00,2025-02-26,10,Frappuccino,Medium,5.9,410,55.0,95,Student
820,2025-02-26 12:41:00,2025-02-26,12,Frappuccino,Small,4.43,308,41.2,62,Student
821,2025-02-26 09:23:00,2025-02-26,9,Mocha,Medium,5.3,320,35.0,175,Visitor
822,2025-02-27 12:40:00,2025-02-27,12,Matcha Latte,Large,6.63,312,39.0,98,Student
823,2025-02-27 18:19:00,2025-02-27,18,Latte,Medium,4.8,190,18.0,150,Faculty
824,2025-02-27 09:53:00,2025-02-27,9,Americano,Medium,4.2,10,0.0,150,Faculty
825,2025-02-27 11:48:00,2025-02-27,11,Latte,Medium,4.8,190,18.0,150,Student
826,2025-02-27 09:14:00,2025-02-27,9,Americano,Medium,4.2,10,0.0,150,Faculty
827,2025-02-27 16:23:00,2025-02-27,16,Americano,Medium,4.2,10,0.0,150,Visitor
828,2025-02-27 10:46:00,2025-02-27,10,Frappuccino,Large,7.67,533,71.5,133,Student
829,2025-02-27 18:39:00,2025-02-27,18,Frappuccino,Small,4.43,308,41.2,62,Student
830,2025-02-27 10:48:00,2025-02-27,10,Mocha,Medium,5.3,320,35.0,175,Faculty
831,2025-02-27 09:52:00,2025-02-27,9,Cappuccino,Large,6.11,208,19.5,210,Student
832,2025-02-27 10:08:00,2025-02-27,10,Latte,Large,6.24,247,23.4,210,Student
833,2025-02-27 16:10:00,2025-02-27,16,Frappuccino,Medium,5.9,410,55.0,95,Visitor
834,2025-02-27 15:53:00,2025-02-27,15,Latte,Small,3.6,142,13.5,98,Student
835,2025-02-27 17:55:00,2025-02-27,17,Matcha Latte,Small,3.82,180,22.5,46,Student
836,2025-02-27 16:54:00,2025-02-27,16,Americano,Small,3.15,8,0.0,98,Student
837,2025-02-27 09:41:00,2025-02-27,9,Matcha Latte,Medium,5.1,240,30.0,70,Student
838,2025-02-27 12:44:00,2025-02-27,12,Matcha Latte,Large,6.63,312,39.0,98,Student
839,2025-02-27 14:12:00,2025-02-27,14,Americano,Small,3.15,8,0.0,98,Faculty
840,2025-02-27 18:45:00,2025-02-27,18,Mocha,Medium,5.3,320,35.0,175,Student
841,2025-02-27 17:12:00,2025-02-27,17,Latte,Medium,4.8,190,18.0,150,Student
842,2025-02-27 09:21:00,2025-02-27,9,Cappuccino,Large,6.11,208,19.5,210,Student
843,2025-02-27 19:25:00,2025-02-27,19,Mocha,Medium,5.3,320,35.0,175,Student
844,2025-02-27 20:16:00,2025-02-27,20,Latte,Medium,4.8,190,18.0,150,Student
845,2025-02-27 10:14:00,2025-02-27,10,Frappuccino,Small,4.43,308,41.2,62,Visitor
846,2025-02-27 09:18:00,2025-02-27,9,Frappuccino,Medium,5.9,410,55.0,95,Faculty
847,2025-02-27 08:23:00,2025-02-27,8,Frappuccino,Large,7.67,533,71.5,133,Student
848,2025-02-27 09:31:00,2025-02-27,9,Latte,Medium,4.8,190,18.0,150,Faculty
849,2025-02-27 10:14:00,2025-02-27,10,Latte,Medium,4.8,190,18.0,150,Faculty
850,2025-02-27 17:03:00,2025-02-27,17,Latte,Small,3.6,142,13.5,98,Student
851,2025-02-28 09:07:00,2025-02-28,9,Frappuccino,Medium,5.9,410,55.0,95,Student
852,2025-02-28 10:07:00,2025-02-28,10,Frappuccino,Large,7.67,533,71.5,133,Student
853,2025-02-28 10:15:00,2025-02-28,10,Mocha,Medium,5.3,320,35.0,175,Student
854,2025-02-28 16:28:00,2025-02-28,16,Matcha Latte,Medium,5.1,240,30.0,70,Student
855,2025-02-28 16:29:00,2025-02-28,16,Mocha,Large,6.89,416,45.5,245,Student
856,2025-02-28 11:22:00,2025-02-28,11,Matcha Latte,Medium,5.1,240,30.0,70,Student
857,2025-02-28 14:08:00,2025-02-28,14,Mocha,Small,3.97,240,26.2,114,Student
858,2025-02-28 08:02:00,2025-02-28,8,Frappuccino,Medium,5.9,410,55.0,95,Student
859,2025-02-28 10:16:00,2025-02-28,10,Cappuccino,Medium,4.7,160,15.0,150,Faculty
860,2025-02-28 17:21:00,2025-02-28,17,Latte,Medium,4.8,190,18.0,150,Faculty
861,2025-02-28 12:41:00,2025-02-28,12,Mocha,Medium,5.3,320,35.0,175,Student
862,2025-02-28 16:48:00,2025-02-28,16,Frappuccino,Medium,5.9,410,55.0,95,Student
863,2025-02-28 18:04:00,2025-02-28,18,Latte,Small,3.6,142,13.5,98,Student
864,2025-02-28 09:44:00,2025-02-28,9,Frappuccino,Medium,5.9,410,55.0,95,Student
865,2025-02-28 17:45:00,2025-02-28,17,Mocha,Large,6.89,416,45.5,245,Student
866,2025-02-28 16:51:00,2025-02-28,16,Latte,Small,3.6,142,13.5,98,Student
867,2025-02-28 17:21:00,2025-02-28,17,Americano,Small,3.15,8,0.0,98,Student
868,2025-02-28 18:11:00,2025-02-28,18,Americano,Small,3.15,8,0.0,98,Visitor
869,2025-02-28 11:50:00,2025-02-28,11,Matcha Latte,Small,3.82,180,22.5,46,Student
870,2025-02-28 07:43:00,2025-02-28,7,Americano,Medium,4.2,10,0.0,150,Student
871,2025-02-28 11:03:00,2025-02-28,11,Latte,Medium,4.8,190,18.0,150,Student
872,2025-02-28 17:07:00,2025-02-28,17,Cappuccino,Medium,4.7,160,15.0,150,Visitor
873,2025-02-28 08:11:00,2025-02-28,8,Latte,Medium,4.8,190,18.0,150,Visitor
874,2025-02-28 10:35:00,2025-02-28,10,Latte,Small,3.6,142,13.5,98,Student
875,2025-02-28 11:28:00,2025-02-28,11,Frappuccino,Small,4.43,308,41.2,62,Faculty
876,2025-02-28 10:06:00,2025-02-28,10,Americano,Medium,4.2,10,0.0,150,Faculty
877,2025-02-28 10:35:00,2025-02-28,10,Mocha,Medium,5.3,320,35.0,175,Student
878,2025-02-28 10:36:00,2025-02-28,10,Cappuccino,Small,3.53,120,11.2,98,Faculty
879,2025-02-28 10:35:00,2025-02-28,10,Americano,Small,3.15,8,0.0,98,Faculty
880,2025-02-28 17:29:00,2025-02-28,17,Latte,Small,3.6,142,13.5,98,Student
881,2025-02-28 16:28:00,2025-02-28,16,Frappuccino,Small,4.43,308,41.2,62,Student
882,2025-02-28 09:50:00,2025-02-28,9,Cappuccino,Medium,4.7,160,15.0,150,Student
883,2025-02-28 17:08:00,2025-02-28,17,Latte,Medium,4.8,190,18.0,150,Student
884,2025-02-28 16:10:00,2025-02-28,16,Latte,Small,3.6,142,13.5,98,Student
885,2025-02-28 09:41:00,2025-02-28,9,Frappuccino,Medium,5.9,410,55.0,95,Student
886,2025-02-28 09:30:00,2025-02-28,9,Frappuccino,Small,4.43,308,41.2,62,Student
887,2025-02-28 10:52:00,2025-02-28,10,Cappuccino,Large,6.11,208,19.5,210,Faculty
